element,metric,total_edges,baseline_score,top_k,edge_percentage,circuit_score,faithfulness
aos,logit_diff,179749,10.7536,1000,0.6%,5.2977,49.2641%
aos,logit_diff,179749,10.7536,1000,0.6%,5.2977,49.2641%
aos,logit_diff,179749,10.7536,1000,0.6%,5.2977,49.2641%
aos,logit_diff,179749,10.7536,2000,1.1%,6.4503,59.9832%
aos,logit_diff,179749,10.7536,2000,1.1%,6.4503,59.9832%
aos,logit_diff,179749,10.7536,2000,1.1%,6.4503,59.9832%
aos,logit_diff,179749,10.7536,5000,2.8%,7.8374,72.8814%
aos,logit_diff,179749,10.7536,5000,2.8%,7.8374,72.8814%
aos,logit_diff,179749,10.7536,5000,2.8%,7.8374,72.8814%
