index,original_pair,corrupted_pair
4,"tidak dapat snack . setelah di keluhan , baru dikasik snacknya . [A] [O] [S] [A] snack [O] tidak dapat [S] negative","tidak dapat snack . setelah di keluhan , baru dikasik snacknya . [A] [O] [S] [A] snack [O] tidak dapat [S] negative"
10,kamarnya oke . [A] [O] [S] [A] kamarnya [O] oke [S] positive,kamarnya oke . [A] [O] [S] [A] kamarnya [O] oke [S] positive
18,tempat tdr kurang bersih . [A] [O] [S] [A] tempat tidur [O] kurang bersih [S] negative,tempat tdr kurang bersih . [A] [O] [S] [A] tempat tidur [O] kurang bersih [S] negative
39,2 kali inap di situ dengan kamar yang berbeda tetapi sama saja kamar mandi tetap bau . [A] [O] [S] [A] kamar mandi [O] 2 kali inap di situ dengan kamar yang berbeda tetapi sama saja kamar mandi tetap bau [S] negative,2 kali inap di situ dengan kamar yang berbeda tetapi sama saja kamar mandi tetap bau . [A] [O] [S] [A] kamar mandi [O] 2 kali inap di situ dengan kamar yang berbeda tetapi sama saja kamar mandi tetap bau [S] negative
50,tetapi sayangnya di kamar yang saya tempati tidak terdapat lampu tidur . [A] [O] [S] [A] lampu tidur [O] tidak terdapat [S] negative,tetapi sayangnya di kamar yang saya tempati tidak terdapat lampu tidur . [A] [O] [S] [A] lampu tidur [O] tidak terdapat [S] negative
54,tidak ada sarapan . [A] [O] [S] [A] sarapan [O] tidak ada [S] negative,tidak ada sarapan . [A] [O] [S] [A] sarapan [O] tidak ada [S] negative
55,banyak para pengunjung yang berpenampilan kurang sopan . anakanak pada takut . [A] [O] [S] [A] pengunjung [O] berpenampilan kurang sopan [S] negative,banyak para pengunjung yang berpenampilan kurang sopan . anakanak pada takut . [A] [O] [S] [A] pengunjung [O] berpenampilan kurang sopan [S] negative
78,tidak ada air hangat . [A] [O] [S] [A] air hangat [O] tidak ada [S] negative,tidak ada air hangat . [A] [O] [S] [A] air hangat [O] tidak ada [S] negative
80,tv nya saja yang tidak bagus karena siaran tvnya tidak jelas . [A] [O] [S] [A] tv nya [O] tidak bagus karena siaran tvnya tidak jelas [S] negative,tv nya saja yang tidak bagus karena siaran tvnya tidak jelas . [A] [O] [S] [A] tv nya [O] tidak bagus karena siaran tvnya tidak jelas [S] negative
101,sangat rekomended sekali tempat penginapan nya . [A] [O] [S] [A] tempat penginapan nya [O] sangat recommended sekali [S] positive,sangat rekomended sekali tempat penginapan nya . [A] [O] [S] [A] tempat penginapan nya [O] sangat recommended sekali [S] positive
105,air panas sering tidak mengalir . [A] [O] [S] [A] air panas [O] sering tidak mengalir [S] negative,air panas sering tidak mengalir . [A] [O] [S] [A] air panas [O] sering tidak mengalir [S] negative
134,pelayanannya ramah . [A] [O] [S] [A] pelayanannya [O] ramah [S] positive,pelayanannya ramah . [A] [O] [S] [A] pelayanannya [O] ramah [S] positive
136,tempat parkir mobil yang terbatas . [A] [O] [S] [A] tempat parkir mobil [O] terbatas [S] negative,tempat parkir mobil yang terbatas . [A] [O] [S] [A] tempat parkir mobil [O] terbatas [S] negative
139,"kasurnya buat tidur buat sakit dada , jadi saya pindah ke tempat lain . [A] [O] [S] [A] kasurnya [O] buat sakit dada [S] negative","kasurnya buat tidur buat sakit dada , jadi saya pindah ke tempat lain . [A] [O] [S] [A] kasurnya [O] buat sakit dada [S] negative"
151,kurang lampu saja ini yang kurang terang . [A] [O] [S] [A] lampu [O] kurang terang [S] negative,kurang lampu saja ini yang kurang terang . [A] [O] [S] [A] lampu [O] kurang terang [S] negative
166,tidak ada air panas nya . [A] [O] [S] [A] air panas nya [O] tidak ada [S] negative,tidak ada air panas nya . [A] [O] [S] [A] air panas nya [O] tidak ada [S] negative
175,kamar mandi agar diperbaiki . [A] [O] [S] [A] kamar mandi [O] agar diperbaiki [S] negative,kamar mandi agar diperbaiki . [A] [O] [S] [A] kamar mandi [O] agar diperbaiki [S] negative
176,air panas kamar mandi kurang panas . [A] [O] [S] [A] air panas kamar mandi [O] kurang panas [S] negative,air panas kamar mandi kurang panas . [A] [O] [S] [A] air panas kamar mandi [O] kurang panas [S] negative
182,di kamar basement sinyal hp tidak ada . [A] [O] [S] [A] sinyal hp [O] tidak ada [S] negative,di kamar basement sinyal hp tidak ada . [A] [O] [S] [A] sinyal hp [O] tidak ada [S] negative
200,overall is oke lah . [A] [O] [S] [A] overall [O] oke [S] positive,overall is oke lah . [A] [O] [S] [A] overall [O] oke [S] positive
219,kamar lumayan luas . [A] [O] [S] [A] kamar [O] lumayan luas [S] positive,kamar lumayan luas . [A] [O] [S] [A] kamar [O] lumayan luas [S] positive
230,tempatnya bagus untuk istirahat . [A] [O] [S] [A] tempatnya [O] bagus untuk istirahat [S] positive,tempatnya bagus untuk istirahat . [A] [O] [S] [A] tempatnya [O] bagus untuk istirahat [S] positive
238,kebersihan kamar masih jelek . [A] [O] [S] [A] kebersihan kamar [O] jelek [S] negative,kebersihan kamar masih jelek . [A] [O] [S] [A] kebersihan kamar [O] jelek [S] negative
257,susah sinyal sehingga mau menelepon itu harus keluar hotel . [A] [O] [S] [A] sinyal [O] susah sinyal sehingga mau menelepon itu harus keluar hotel [S] negative,susah sinyal sehingga mau menelepon itu harus keluar hotel . [A] [O] [S] [A] sinyal [O] susah sinyal sehingga mau menelepon itu harus keluar hotel [S] negative
259,kurang tisu di kamar mandi dan juga di ruangan . [A] [O] [S] [A] tisu [O] kurang tisu di kamar mandi dan juga di ruangan [S] negative,kurang tisu di kamar mandi dan juga di ruangan . [A] [O] [S] [A] tisu [O] kurang tisu di kamar mandi dan juga di ruangan [S] negative
267,kurang cuma pada sarapan yang cuma di kasih 1 x di hari pertama . [A] [O] [S] [A] sarapan [O] cuma di kasih 1 x di hari pertama [S] negative,kurang cuma pada sarapan yang cuma di kasih 1 x di hari pertama . [A] [O] [S] [A] sarapan [O] cuma di kasih 1 x di hari pertama [S] negative
270,kebersihan kurang . [A] [O] [S] [A] kebersihan [O] kurang [S] negative,kebersihan kurang . [A] [O] [S] [A] kebersihan [O] kurang [S] negative
272,tidak disediakan tisu : ( . [A] [O] [S] [A] tisu [O] tidak disediakan [S] negative,tidak disediakan tisu : ( . [A] [O] [S] [A] tisu [O] tidak disediakan [S] negative
275,pagi ada sarapan roti dan teh kopi diantar ke kamar . [A] [O] [S] [A] sarapan [O] pagi ada sarapan roti dan teh kopi diantar ke kamar [S] positive,pagi ada sarapan roti dan teh kopi diantar ke kamar . [A] [O] [S] [A] sarapan [O] pagi ada sarapan roti dan teh kopi diantar ke kamar [S] positive
286,setiap mau pakai kupon diskon kok tidak pernah bisa iya . [A] [O] [S] [A] kupon diskon [O] setiap mau pakai kupon diskon kok tidak pernah bisa iya [S] negative,setiap mau pakai kupon diskon kok tidak pernah bisa iya . [A] [O] [S] [A] kupon diskon [O] setiap mau pakai kupon diskon kok tidak pernah bisa iya [S] negative
304,"lumayan . sayang ada 1 hari yang kamar tidak di bersihkan dan tidak dapat minuman , dikarenakan tidak adanya pegawai . [A] [O] [S] [A] kamar [O] sayang ada 1 hari yang kamar tidak di bersihkan dan tidak dapat minuman , dikarenakan tidak adanya pegawai [S] negative","lumayan . sayang ada 1 hari yang kamar tidak di bersihkan dan tidak dapat minuman , dikarenakan tidak adanya pegawai . [A] [O] [S] [A] kamar [O] sayang ada 1 hari yang kamar tidak di bersihkan dan tidak dapat minuman , dikarenakan tidak adanya pegawai [S] negative"
313,tidak terdapat air panas buat minum . [A] [O] [S] [A] air panas [O] tidak terdapat air panas buat minum [S] negative,tidak terdapat air panas buat minum . [A] [O] [S] [A] air panas [O] tidak terdapat air panas buat minum [S] negative
327,"staf ramah sekali , terutama saat breakfast . [A] [O] [S] [A] staf [O] ramah sekali , terutama saat breakfast [S] positive","staf ramah sekali , terutama saat breakfast . [A] [O] [S] [A] staf [O] ramah sekali , terutama saat breakfast [S] positive"
347,foto kamar yang ditampilkan tidak sesuai dengan yang diberikan . kamar di foto yang ditampilkan tampa . [A] [O] [S] [A] kamar [O] foto kamar yang ditampilkan tidak sesuai dengan yang diberikan [S] negative,foto kamar yang ditampilkan tidak sesuai dengan yang diberikan . kamar di foto yang ditampilkan tampa . [A] [O] [S] [A] kamar [O] foto kamar yang ditampilkan tidak sesuai dengan yang diberikan [S] negative
362,tolong di tingkatkan kamar mandi nya . [A] [O] [S] [A] kamar mandi nya [O] tolong di tingkatkan [S] positive,tolong di tingkatkan kamar mandi nya . [A] [O] [S] [A] kamar mandi nya [O] tolong di tingkatkan [S] positive
372,sarapan enak . [A] [O] [S] [A] sarapan [O] enak [S] positive,sarapan enak . [A] [O] [S] [A] sarapan [O] enak [S] positive
377,suka dengan suasana penginapannya . [A] [O] [S] [A] suasana penginapannya [O] suka [S] positive,suka dengan suasana penginapannya . [A] [O] [S] [A] suasana penginapannya [O] suka [S] positive
391,baik pelayanan nya . [A] [O] [S] [A] pelayanan nya [O] baik [S] positive,baik pelayanan nya . [A] [O] [S] [A] pelayanan nya [O] baik [S] positive
392,"lokasi bagus , . [A] [O] [S] [A] lokasi [O] bagus [S] positive","lokasi bagus , . [A] [O] [S] [A] lokasi [O] bagus [S] positive"
430,kamar nyaman . [A] [O] [S] [A] kamar [O] nyaman [S] positive,kamar nyaman . [A] [O] [S] [A] kamar [O] nyaman [S] positive
436,pintu tidak bisa di kunci dari luar . [A] [O] [S] [A] pintu [O] tidak bisa di kunci [S] negative,pintu tidak bisa di kunci dari luar . [A] [O] [S] [A] pintu [O] tidak bisa di kunci [S] negative
450,"kalau bisa ruang nya agak besar lagi . agar bisa ada meja kursi kerja nya iya . , . [A] [O] [S] [A] ruang nya [O] kalau bisa ruang nya agak besar lagi . agar bisa ada meja kursi kerja nya iya [S] negative","kalau bisa ruang nya agak besar lagi . agar bisa ada meja kursi kerja nya iya . , . [A] [O] [S] [A] ruang nya [O] kalau bisa ruang nya agak besar lagi . agar bisa ada meja kursi kerja nya iya [S] negative"
460,bantal bertuliskan airy sudah tidak layak . [A] [O] [S] [A] bantal [O] sudah tidak layak [S] negative,bantal bertuliskan airy sudah tidak layak . [A] [O] [S] [A] bantal [O] sudah tidak layak [S] negative
471,ac nya tidak dingin . cuma berasa dry tanpa cool . [A] [O] [S] [A] ac nya [O] tidak dingin . cuma berasa dry tanpa cool [S] negative,ac nya tidak dingin . cuma berasa dry tanpa cool . [A] [O] [S] [A] ac nya [O] tidak dingin . cuma berasa dry tanpa cool [S] negative
480,sarapan lumayan enak . [A] [O] [S] [A] sarapan [O] lumayan enak [S] positive,sarapan lumayan enak . [A] [O] [S] [A] sarapan [O] lumayan enak [S] positive
513,kamar bau apek . [A] [O] [S] [A] kamar [O] bau apek [S] negative,kamar bau apek . [A] [O] [S] [A] kamar [O] bau apek [S] negative
536,kamar mandi tidak ada exhaust nya . [A] [O] [S] [A] exhaust nya [O] tidak ada [S] negative,kamar mandi tidak ada exhaust nya . [A] [O] [S] [A] exhaust nya [O] tidak ada [S] negative
562,semua sudah cukup baik . [A] [O] [S] [A] semua [O] cukup baik [S] positive,semua sudah cukup baik . [A] [O] [S] [A] semua [O] cukup baik [S] positive
572,kurang snack saja . [A] [O] [S] [A] snack [O] kurang [S] negative,kurang snack saja . [A] [O] [S] [A] snack [O] kurang [S] negative
575,letak hotel strategis . [A] [O] [S] [A] letak hotel [O] strategis [S] positive,letak hotel strategis . [A] [O] [S] [A] letak hotel [O] strategis [S] positive
617,kamar nya sempit . [A] [O] [S] [A] kamar nya [O] sempit [S] negative,kamar nya sempit . [A] [O] [S] [A] kamar nya [O] sempit [S] negative
644,room yang bersih . [A] [O] [S] [A] room [O] bersih [S] positive,room yang bersih . [A] [O] [S] [A] room [O] bersih [S] positive
664,tempat parkir sedikit dirapikan . [A] [O] [S] [A] tempat parkir [O] sedikit dirapikan [S] negative,tempat parkir sedikit dirapikan . [A] [O] [S] [A] tempat parkir [O] sedikit dirapikan [S] negative
669,tidak ada wifi nya . [A] [O] [S] [A] wifi nya [O] tidak ada [S] negative,tidak ada wifi nya . [A] [O] [S] [A] wifi nya [O] tidak ada [S] negative
671,"pelayanan baik , terima kasih . [A] [O] [S] [A] pelayanan [O] baik [S] positive","pelayanan baik , terima kasih . [A] [O] [S] [A] pelayanan [O] baik [S] positive"
684,kamar mandinya kurang bersih . [A] [O] [S] [A] kamar mandinya [O] kurang bersih [S] negative,kamar mandinya kurang bersih . [A] [O] [S] [A] kamar mandinya [O] kurang bersih [S] negative
714,kualitas sesuai lah . [A] [O] [S] [A] kualitas [O] sesuai [S] positive,kualitas sesuai lah . [A] [O] [S] [A] kualitas [O] sesuai [S] positive
716,parkir sempit . [A] [O] [S] [A] parkir [O] sempit [S] negative,parkir sempit . [A] [O] [S] [A] parkir [O] sempit [S] negative
725,lokasinya tidak terlalu jauh dari pusat keramaian jadi enak kalau mau ke pusat kota malang ataupun ke kota batu . [A] [O] [S] [A] lokasinya [O] tidak terlalu jauh dari pusat keramaian jadi enak kalau mau ke pusat kota malang ataupun ke kota batu [S] positive,lokasinya tidak terlalu jauh dari pusat keramaian jadi enak kalau mau ke pusat kota malang ataupun ke kota batu . [A] [O] [S] [A] lokasinya [O] tidak terlalu jauh dari pusat keramaian jadi enak kalau mau ke pusat kota malang ataupun ke kota batu [S] positive
748,sangat bersih pula tempatnya . [A] [O] [S] [A] tempatnya [O] sangat bersih [S] positive,sangat bersih pula tempatnya . [A] [O] [S] [A] tempatnya [O] sangat bersih [S] positive
780,hanya ac nya agak kurang dingin . [A] [O] [S] [A] ac nya [O] agak kurang dingin [S] negative,hanya ac nya agak kurang dingin . [A] [O] [S] [A] ac nya [O] agak kurang dingin [S] negative
784,kurang ventilasi jdnya pengap dan kipas di toilet . [A] [O] [S] [A] ventilasi [O] kurang ventilasi jadinya pengap [S] negative,kurang ventilasi jdnya pengap dan kipas di toilet . [A] [O] [S] [A] ventilasi [O] kurang ventilasi jadinya pengap [S] negative
796,"airnya jam 12 malam mati , padahal sangat butuh . [A] [O] [S] [A] airnya [O] jam 12 malam mati , padahal sangat butuh [S] negative","airnya jam 12 malam mati , padahal sangat butuh . [A] [O] [S] [A] airnya [O] jam 12 malam mati , padahal sangat butuh [S] negative"
797,karnaa salah masukkan tanggal jadi nya pembayaran ini sangat siaa sia . [A] [O] [S] [A] pembayaran [O] karena salah masukkan tanggal jadi nya pembayaran ini sangat sia sia [S] negative,karnaa salah masukkan tanggal jadi nya pembayaran ini sangat siaa sia . [A] [O] [S] [A] pembayaran [O] karena salah masukkan tanggal jadi nya pembayaran ini sangat sia sia [S] negative
798,nyaman tempat nya : ) . [A] [O] [S] [A] tempat nya [O] nyaman [S] positive,nyaman tempat nya : ) . [A] [O] [S] [A] tempat nya [O] nyaman [S] positive
813,air kurang panas . itu saja . [A] [O] [S] [A] air [O] kurang panas [S] negative,air kurang panas . itu saja . [A] [O] [S] [A] air [O] kurang panas [S] negative
820,pelayanan ramah . [A] [O] [S] [A] pelayanan [O] ramah [S] positive,pelayanan ramah . [A] [O] [S] [A] pelayanan [O] ramah [S] positive
824,air tidak mengalir saat pagi . [A] [O] [S] [A] air [O] tidak mengalir saat pagi [S] negative,air tidak mengalir saat pagi . [A] [O] [S] [A] air [O] tidak mengalir saat pagi [S] negative
842,bagus semua kok . [A] [O] [S] [A] semua [O] bagus [S] positive,bagus semua kok . [A] [O] [S] [A] semua [O] bagus [S] positive
888,lokasi strategis . [A] [O] [S] [A] lokasi [O] strategis [S] positive,lokasi strategis . [A] [O] [S] [A] lokasi [O] strategis [S] positive
900,yang perlu di perbaiki parkiran untuk mobilnya . [A] [O] [S] [A] parkiran [O] yang perlu di perbaiki parkiran untuk mobilnya [S] negative,yang perlu di perbaiki parkiran untuk mobilnya . [A] [O] [S] [A] parkiran [O] yang perlu di perbaiki parkiran untuk mobilnya [S] negative
926,pelayanan bagus untuk budget hotel . [A] [O] [S] [A] pelayanan [O] bagus [S] positive,pelayanan bagus untuk budget hotel . [A] [O] [S] [A] pelayanan [O] bagus [S] positive
932,selimut/sprey kurang bersih . [A] [O] [S] [A] selimut/seprai [O] kurang bersih [S] negative,selimut/sprey kurang bersih . [A] [O] [S] [A] selimut/seprai [O] kurang bersih [S] negative
955,kamar mandinya jorok . [A] [O] [S] [A] kamar mandinya [O] jorok [S] negative,kamar mandinya jorok . [A] [O] [S] [A] kamar mandinya [O] jorok [S] negative
957,oke dengan harga kamarnya . [A] [O] [S] [A] harga [O] oke dengan harga kamarnya [S] positive,oke dengan harga kamarnya . [A] [O] [S] [A] harga [O] oke dengan harga kamarnya [S] positive
961,"ini kedua kalinya saya menginap disini , airnya masih asin . [A] [O] [S] [A] airnya [O] asin [S] negative","ini kedua kalinya saya menginap disini , airnya masih asin . [A] [O] [S] [A] airnya [O] asin [S] negative"
962,airy oke punya . [A] [O] [S] [A] airy [O] oke [S] positive,airy oke punya . [A] [O] [S] [A] airy [O] oke [S] positive
965,pintu kamar bawahnya kurang rapat . bisa di menjenguk . hadehh . [A] [O] [S] [A] pintu kamar bawahnya [O] kurang rapat . bisa di menjenguk [S] negative,pintu kamar bawahnya kurang rapat . bisa di menjenguk . hadehh . [A] [O] [S] [A] pintu kamar bawahnya [O] kurang rapat . bisa di menjenguk [S] negative
967,saya senang sama rooms nya . [A] [O] [S] [A] rooms [O] senang [S] positive,saya senang sama rooms nya . [A] [O] [S] [A] rooms [O] senang [S] positive
971,lokasi oke . [A] [O] [S] [A] lokasi [O] oke [S] positive,lokasi oke . [A] [O] [S] [A] lokasi [O] oke [S] positive
985,baiklah semuanya baik . [A] [O] [S] [A] semuanya [O] baik [S] positive,baiklah semuanya baik . [A] [O] [S] [A] semuanya [O] baik [S] positive
996,sarung bantal agak bau . [A] [O] [S] [A] sarung bantal [O] agak bau [S] negative,sarung bantal agak bau . [A] [O] [S] [A] sarung bantal [O] agak bau [S] negative
1003,lokasinya yang sulit ditemukan . [A] [O] [S] [A] lokasinya [O] sulit ditemukan [S] negative,lokasinya yang sulit ditemukan . [A] [O] [S] [A] lokasinya [O] sulit ditemukan [S] negative
1019,tidak ada termos air panas . [A] [O] [S] [A] termos air panas [O] tidak ada [S] negative,tidak ada termos air panas . [A] [O] [S] [A] termos air panas [O] tidak ada [S] negative
1023,tilet kurang bersih . [A] [O] [S] [A] toilet [O] kurang bersih [S] negative,tilet kurang bersih . [A] [O] [S] [A] toilet [O] kurang bersih [S] negative
1031,keran toilet rusak . [A] [O] [S] [A] keran toilet [O] rusak [S] negative,keran toilet rusak . [A] [O] [S] [A] keran toilet [O] rusak [S] negative
1034,kurang ramah resepsionianya . [A] [O] [S] [A] resepsionisnya [O] kurang ramah [S] negative,kurang ramah resepsionianya . [A] [O] [S] [A] resepsionisnya [O] kurang ramah [S] negative
1042,yang kurang hanya airnya saja agak bau kalau awalawal digunakan . [A] [O] [S] [A] airnya [O] agak bau kalau awal awal digunakan [S] negative,yang kurang hanya airnya saja agak bau kalau awalawal digunakan . [A] [O] [S] [A] airnya [O] agak bau kalau awal awal digunakan [S] negative
1059,1 . ruangan kamar gelap . [A] [O] [S] [A] ruangan kamar [O] gelap [S] negative,1 . ruangan kamar gelap . [A] [O] [S] [A] ruangan kamar [O] gelap [S] negative
1066,proses cek in tidak ribet . [A] [O] [S] [A] proses cek in [O] tidak ribet [S] positive,proses cek in tidak ribet . [A] [O] [S] [A] proses cek in [O] tidak ribet [S] positive
1087,air panasnya tidak berfungsi . [A] [O] [S] [A] air panasnya [O] tidak berfungsi [S] negative,air panasnya tidak berfungsi . [A] [O] [S] [A] air panasnya [O] tidak berfungsi [S] negative
1093,bantal bau . [A] [O] [S] [A] bantal [O] bau [S] negative,bantal bau . [A] [O] [S] [A] bantal [O] bau [S] negative
1100,"hotel yang bagus , tetap pertahankan . [A] [O] [S] [A] hotel [O] bagus , tetap pertahankan [S] positive","hotel yang bagus , tetap pertahankan . [A] [O] [S] [A] hotel [O] bagus , tetap pertahankan [S] positive"
1124,kamar 215 nya seram banget . [A] [O] [S] [A] kamar [O] seram banget [S] negative,kamar 215 nya seram banget . [A] [O] [S] [A] kamar [O] seram banget [S] negative
1132,tidak ada perlengkapan mandi . [A] [O] [S] [A] perlengkapan mandi [O] tidak ada [S] negative,tidak ada perlengkapan mandi . [A] [O] [S] [A] perlengkapan mandi [O] tidak ada [S] negative
1139,"kebersihan baik , teruskan . [A] [O] [S] [A] kebersihan [O] baik [S] positive","kebersihan baik , teruskan . [A] [O] [S] [A] kebersihan [O] baik [S] positive"
1151,pintu kamar mandi rusak 206 . [A] [O] [S] [A] pintu kamar mandi [O] rusak [S] negative,pintu kamar mandi rusak 206 . [A] [O] [S] [A] pintu kamar mandi [O] rusak [S] negative
1154,sangat kecewa dengan pelayan di hotel ini . [A] [O] [S] [A] pelayan [O] sangat kecewa [S] negative,sangat kecewa dengan pelayan di hotel ini . [A] [O] [S] [A] pelayan [O] sangat kecewa [S] negative
1182,perasaan aku pesan ada sarapannya . tetapi tidak datang . [A] [O] [S] [A] sarapannya [O] tidak datang [S] negative,perasaan aku pesan ada sarapannya . tetapi tidak datang . [A] [O] [S] [A] sarapannya [O] tidak datang [S] negative
1190,over all suka . semoga sering diskon . terimakasih airy rooms . [A] [O] [S] [A] over all [O] suka [S] positive,over all suka . semoga sering diskon . terimakasih airy rooms . [A] [O] [S] [A] over all [O] suka [S] positive
1213,tv iya masih buremm . airy kapan di perbaiki . [A] [O] [S] [A] tv [O] burem [S] negative,tv iya masih buremm . airy kapan di perbaiki . [A] [O] [S] [A] tv [O] burem [S] negative
1234,pelayanan kurang mudah senyum . 1 10 : 7 . [A] [O] [S] [A] pelayanan [O] kurang mudah senyum [S] negative,pelayanan kurang mudah senyum . 1 10 : 7 . [A] [O] [S] [A] pelayanan [O] kurang mudah senyum [S] negative
1246,cuma kamar mandi agak menggenang airnya setelah dipakai . [A] [O] [S] [A] kamar mandi [O] agak menggenang airnya setelah dipakai [S] negative,cuma kamar mandi agak menggenang airnya setelah dipakai . [A] [O] [S] [A] kamar mandi [O] agak menggenang airnya setelah dipakai [S] negative
1309,perlu ditambah lift untuk mmudahkan . [A] [O] [S] [A] lift [O] perlu ditambah lift untuk memudahkan [S] negative,perlu ditambah lift untuk mmudahkan . [A] [O] [S] [A] lift [O] perlu ditambah lift untuk memudahkan [S] negative
1311,overall baik . [A] [O] [S] [A] overall [O] baik [S] negative,overall baik . [A] [O] [S] [A] overall [O] baik [S] negative
1313,baik keseluruhan . [A] [O] [S] [A] keseluruhan [O] baik [S] positive,baik keseluruhan . [A] [O] [S] [A] keseluruhan [O] baik [S] positive
1315,wifinya tersendattersendat : ( . [A] [O] [S] [A] wifinya [O] tersendat sendat [S] negative,wifinya tersendattersendat : ( . [A] [O] [S] [A] wifinya [O] tersendat sendat [S] negative
1321,kebersihan kamar tolong diperbaiki lagi iya . [A] [O] [S] [A] kebersihan kamar [O] tolong diperbaiki lagi [S] negative,kebersihan kamar tolong diperbaiki lagi iya . [A] [O] [S] [A] kebersihan kamar [O] tolong diperbaiki lagi [S] negative
1351,harga murce deh . [A] [O] [S] [A] harga [O] murce [S] positive,harga murce deh . [A] [O] [S] [A] harga [O] murce [S] positive
1357,kamar mandi kurang baik . [A] [O] [S] [A] kamar mandi [O] kurang baik [S] negative,kamar mandi kurang baik . [A] [O] [S] [A] kamar mandi [O] kurang baik [S] negative
1367,kamar tidak standar airy . [A] [O] [S] [A] kamar [O] tidak standar airy [S] negative,kamar tidak standar airy . [A] [O] [S] [A] kamar [O] tidak standar airy [S] negative
1392,pelyanannya lengkap . [A] [O] [S] [A] pelayanannya [O] lengkap [S] positive,pelyanannya lengkap . [A] [O] [S] [A] pelayanannya [O] lengkap [S] positive
1393,airy yang sangat berkesan bagi saya dan keluarga . terimakasih ! [A] [O] [S] [A] airy [O] sangat berkesan [S] positive,airy yang sangat berkesan bagi saya dan keluarga . terimakasih ! [A] [O] [S] [A] airy [O] sangat berkesan [S] positive
1397,kamar luas sekali . [A] [O] [S] [A] kamar [O] luas sekali [S] positive,kamar luas sekali . [A] [O] [S] [A] kamar [O] luas sekali [S] positive
1441,pelayanan buruk . [A] [O] [S] [A] pelayanan [O] buruk [S] negative,pelayanan buruk . [A] [O] [S] [A] pelayanan [O] buruk [S] negative
1457,air di bathup kotor . [A] [O] [S] [A] air [O] kotor [S] negative,air di bathup kotor . [A] [O] [S] [A] air [O] kotor [S] negative
1459,"sangat baik untuk pelayanan kamar hotelnya , semoga kedepannya tetap menjaga pelayanan kamarnya iya ! [A] [O] [S] [A] pelayanan [O] sangat baik [S] positive","sangat baik untuk pelayanan kamar hotelnya , semoga kedepannya tetap menjaga pelayanan kamarnya iya ! [A] [O] [S] [A] pelayanan [O] sangat baik [S] positive"
1460,kamar yang saya dapat kurang bersih . [A] [O] [S] [A] kamar [O] kurang bersih [S] negative,kamar yang saya dapat kurang bersih . [A] [O] [S] [A] kamar [O] kurang bersih [S] negative
1463,tempatnya lumayan bersih . [A] [O] [S] [A] tempatnya [O] lumayan bersih [S] positive,tempatnya lumayan bersih . [A] [O] [S] [A] tempatnya [O] lumayan bersih [S] positive
1489,televisi nyaa buram . [A] [O] [S] [A] televisi nya [O] buram [S] negative,televisi nyaa buram . [A] [O] [S] [A] televisi nya [O] buram [S] negative
1534,kamar mandinya tidak bisa di sentor . [A] [O] [S] [A] kamar mandinya [O] tidak bisa di sentor [S] negative,kamar mandinya tidak bisa di sentor . [A] [O] [S] [A] kamar mandinya [O] tidak bisa di sentor [S] negative
1551,airnya berbau . [A] [O] [S] [A] airnya [O] berbau [S] negative,airnya berbau . [A] [O] [S] [A] airnya [O] berbau [S] negative
1556,tempatnya tidak sesuai dengan fotodi airy . [A] [O] [S] [A] tempatnya [O] tidak sesuai dengan foto di airy [S] negative,tempatnya tidak sesuai dengan fotodi airy . [A] [O] [S] [A] tempatnya [O] tidak sesuai dengan foto di airy [S] negative
1573,bapak ibu pemiliknya baik . [A] [O] [S] [A] pemiliknya [O] baik [S] positive,bapak ibu pemiliknya baik . [A] [O] [S] [A] pemiliknya [O] baik [S] positive
1574,staf nya ramah . [A] [O] [S] [A] staf nya [O] ramah [S] positive,staf nya ramah . [A] [O] [S] [A] staf nya [O] ramah [S] positive
1581,sarapan pagi seharusnya ada . [A] [O] [S] [A] sarapan pagi [O] seharusnya ada [S] negative,sarapan pagi seharusnya ada . [A] [O] [S] [A] sarapan pagi [O] seharusnya ada [S] negative
1595,pelayanan yang kurang baik . [A] [O] [S] [A] pelayanan [O] kurang baik [S] negative,pelayanan yang kurang baik . [A] [O] [S] [A] pelayanan [O] kurang baik [S] negative
1630,peralatan kamar mandi kurang lengkap . [A] [O] [S] [A] peralatan kamar mandi [O] kurang lengkap [S] negative,peralatan kamar mandi kurang lengkap . [A] [O] [S] [A] peralatan kamar mandi [O] kurang lengkap [S] negative
1635,tolang chanel dan kejernihan kualitas tv di perbaiki . [A] [O] [S] [A] tv [O] tolong channel dan kejernihan kualitas tv di perbaiki [S] negative,tolang chanel dan kejernihan kualitas tv di perbaiki . [A] [O] [S] [A] tv [O] tolong channel dan kejernihan kualitas tv di perbaiki [S] negative
1644,sarapannya cuma bubur sama roti . [A] [O] [S] [A] sarapannya [O] cuma bubur sama roti [S] negative,sarapannya cuma bubur sama roti . [A] [O] [S] [A] sarapannya [O] cuma bubur sama roti [S] negative
1666,waktu menginap tidak dapat handuknya . [A] [O] [S] [A] handuknya [O] tidak dapat [S] negative,waktu menginap tidak dapat handuknya . [A] [O] [S] [A] handuknya [O] tidak dapat [S] negative
1669,kamar tidak sesuai dengan yang di foto . [A] [O] [S] [A] kamar [O] tidak sesuai dengan yang di foto [S] negative,kamar tidak sesuai dengan yang di foto . [A] [O] [S] [A] kamar [O] tidak sesuai dengan yang di foto [S] negative
1685,"air panas nya tidak banget panas , saya bawa anak bayi kasihan jadi mandi air dingin . [A] [O] [S] [A] air panas nya [O] tidak banget panas , saya bawa anak bayi kasihan jadi mandi air dingin [S] negative","air panas nya tidak banget panas , saya bawa anak bayi kasihan jadi mandi air dingin . [A] [O] [S] [A] air panas nya [O] tidak banget panas , saya bawa anak bayi kasihan jadi mandi air dingin [S] negative"
1711,kamar mandi lebih dirawat kenyamanannya . [A] [O] [S] [A] kamar mandi [O] lebih dirawat kenyamanannya [S] negative,kamar mandi lebih dirawat kenyamanannya . [A] [O] [S] [A] kamar mandi [O] lebih dirawat kenyamanannya [S] negative
1716,hanya kurang di handuk yang kotor . [A] [O] [S] [A] handuk [O] kotor [S] negative,hanya kurang di handuk yang kotor . [A] [O] [S] [A] handuk [O] kotor [S] negative
1748,air hangat kadang mati . [A] [O] [S] [A] air hangat [O] kadang mati [S] negative,air hangat kadang mati . [A] [O] [S] [A] air hangat [O] kadang mati [S] negative
1760,ac kamar nya mengeluarkan suara berisik . [A] [O] [S] [A] ac [O] berisik [S] negative,ac kamar nya mengeluarkan suara berisik . [A] [O] [S] [A] ac [O] berisik [S] negative
1762,di kamar tidak tersedia handuk . [A] [O] [S] [A] handuk [O] tidak tersedia [S] negative,di kamar tidak tersedia handuk . [A] [O] [S] [A] handuk [O] tidak tersedia [S] negative
1764,hotel terbaik . [A] [O] [S] [A] hotel [O] terbaik [S] positive,hotel terbaik . [A] [O] [S] [A] hotel [O] terbaik [S] positive
1765,yang layanin baik . [A] [O] [S] [A] yang layanin [O] baik [S] positive,yang layanin baik . [A] [O] [S] [A] yang layanin [O] baik [S] positive
1768,kamar tidak bersih . [A] [O] [S] [A] kamar [O] tidak bersih [S] negative,kamar tidak bersih . [A] [O] [S] [A] kamar [O] tidak bersih [S] negative
1770,ramah sekali pelayannya . [A] [O] [S] [A] pelayannya [O] ramah sekali [S] positive,ramah sekali pelayannya . [A] [O] [S] [A] pelayannya [O] ramah sekali [S] positive
1816,secara keseluruhan semuanya sudah baik . [A] [O] [S] [A] secara keseluruhan semuanya [O] baik [S] positive,secara keseluruhan semuanya sudah baik . [A] [O] [S] [A] secara keseluruhan semuanya [O] baik [S] positive
1822,wangi kamar perlu ditingkatkan lagi . [A] [O] [S] [A] wangi kamar [O] perlu ditingkatkan lagi [S] negative,wangi kamar perlu ditingkatkan lagi . [A] [O] [S] [A] wangi kamar [O] perlu ditingkatkan lagi [S] negative
1834,tidak terlalu sulit dicari guests house nya . [A] [O] [S] [A] guests house nya [O] tidak terlalu sulit dicari [S] positive,tidak terlalu sulit dicari guests house nya . [A] [O] [S] [A] guests house nya [O] tidak terlalu sulit dicari [S] positive
1836,kebersihan seprai dan selimut perlu lebih diperhatikan . [A] [O] [S] [A] kebersihan seprai dan selimut [O] perlu lebih diperhatikan [S] negative,kebersihan seprai dan selimut perlu lebih diperhatikan . [A] [O] [S] [A] kebersihan seprai dan selimut [O] perlu lebih diperhatikan [S] negative
1840,airy room memang yang terbaik . [A] [O] [S] [A] airy room [O] yang terbaik [S] positive,airy room memang yang terbaik . [A] [O] [S] [A] airy room [O] yang terbaik [S] positive
1857,"untuk kamar disini tidak recommended , lebih baik cari yang lain . [A] [O] [S] [A] kamar [O] tidak recommended , lebih baik cari yang lain [S] negative","untuk kamar disini tidak recommended , lebih baik cari yang lain . [A] [O] [S] [A] kamar [O] tidak recommended , lebih baik cari yang lain [S] negative"
1872,tempat tidur kotor . [A] [O] [S] [A] tempat tidur [O] kotor [S] negative,tempat tidur kotor . [A] [O] [S] [A] tempat tidur [O] kotor [S] negative
1898,air hangat tidak hidup didalam kamar mandi . [A] [O] [S] [A] air hangat [O] air hangat tidak hidup didalam kamar mandi [S] negative,air hangat tidak hidup didalam kamar mandi . [A] [O] [S] [A] air hangat [O] air hangat tidak hidup didalam kamar mandi [S] negative
1899,minusnya wifi kurang kencang . [A] [O] [S] [A] wifi [O] kurang kencang [S] negative,minusnya wifi kurang kencang . [A] [O] [S] [A] wifi [O] kurang kencang [S] negative
1925,selalu suka dengan pelayanannya . [A] [O] [S] [A] pelayanannya [O] selalu suka [S] positive,selalu suka dengan pelayanannya . [A] [O] [S] [A] pelayanannya [O] selalu suka [S] positive
1932,kamar mandi bau . [A] [O] [S] [A] kamar mandi [O] bau [S] negative,kamar mandi bau . [A] [O] [S] [A] kamar mandi [O] bau [S] negative
1933,selalu bermasalah dengan tidak tersedia handuk . [A] [O] [S] [A] handuk [O] selalu bermasalah dengan tidak tersedia handuk [S] negative,selalu bermasalah dengan tidak tersedia handuk . [A] [O] [S] [A] handuk [O] selalu bermasalah dengan tidak tersedia handuk [S] negative
1938,fasilitas hotel harus lebih diperhatikan . [A] [O] [S] [A] fasilitas hotel [O] lebih diperhatikan [S] negative,fasilitas hotel harus lebih diperhatikan . [A] [O] [S] [A] fasilitas hotel [O] lebih diperhatikan [S] negative
1940,"air nya sempat mati , sehingga saya harus pindah kamar . [A] [O] [S] [A] air nya [O] sempat mati , sehingga saya harus pindah kamar [S] negative","air nya sempat mati , sehingga saya harus pindah kamar . [A] [O] [S] [A] air nya [O] sempat mati , sehingga saya harus pindah kamar [S] negative"
1960,makanan enak . [A] [O] [S] [A] makanan [O] enak [S] positive,makanan enak . [A] [O] [S] [A] makanan [O] enak [S] positive
1976,"puas sekali dengan hotel ini , saat itu 2 kamar kami di upgrade ke deluxe room . [A] [O] [S] [A] hotel [O] puas sekali dengan hotel ini , saat itu 2 kamar kami di upgrade ke deluxe room [S] positive","puas sekali dengan hotel ini , saat itu 2 kamar kami di upgrade ke deluxe room . [A] [O] [S] [A] hotel [O] puas sekali dengan hotel ini , saat itu 2 kamar kami di upgrade ke deluxe room [S] positive"
1980,kamar panas karena ac tidak dingin . [A] [O] [S] [A] kamar [O] panas karena ac tidak dingin [S] negative,kamar panas karena ac tidak dingin . [A] [O] [S] [A] kamar [O] panas karena ac tidak dingin [S] negative
1996,karena harga terjangkau . [A] [O] [S] [A] harga [O] terjangkau [S] positive,karena harga terjangkau . [A] [O] [S] [A] harga [O] terjangkau [S] positive
1997,listrik sering mati . [A] [O] [S] [A] listrik [O] sering mati [S] negative,listrik sering mati . [A] [O] [S] [A] listrik [O] sering mati [S] negative
2003,nyaman hotelnya apalagi dapat promo dari airy . kalau ke malang ingin menginap disini lagi . [A] [O] [S] [A] hotelnya [O] nyaman [S] positive,nyaman hotelnya apalagi dapat promo dari airy . kalau ke malang ingin menginap disini lagi . [A] [O] [S] [A] hotelnya [O] nyaman [S] positive
2023,pelayanan cek in lama . [A] [O] [S] [A] pelayanan cek in [O] lama [S] negative,pelayanan cek in lama . [A] [O] [S] [A] pelayanan cek in [O] lama [S] negative
2053,sarapan agar lebih beragam . [A] [O] [S] [A] sarapan [O] agar lebih beragam [S] negative,sarapan agar lebih beragam . [A] [O] [S] [A] sarapan [O] agar lebih beragam [S] negative
2080,kamar mandi jorok banget . [A] [O] [S] [A] kamar mandi [O] jorok banget [S] negative,kamar mandi jorok banget . [A] [O] [S] [A] kamar mandi [O] jorok banget [S] negative
2086,"bau toilet menyengat , sampai tercium saat tidur . [A] [O] [S] [A] toilet [O] bau toilet menyengat , sampai tercium saat tidur [S] negative","bau toilet menyengat , sampai tercium saat tidur . [A] [O] [S] [A] toilet [O] bau toilet menyengat , sampai tercium saat tidur [S] negative"
2091,hotel airy terbaik yang pernah saya temui . [A] [O] [S] [A] hotel [O] terbaik [S] positive,hotel airy terbaik yang pernah saya temui . [A] [O] [S] [A] hotel [O] terbaik [S] positive
2112,kamar kurang bersih . [A] [O] [S] [A] kamar [O] kurang bersih [S] negative,kamar kurang bersih . [A] [O] [S] [A] kamar [O] kurang bersih [S] negative
2139,keamanan terjaga karena ada cctv dan keamanan . [A] [O] [S] [A] keamanan [O] terjaga karena ada cctv dan keamanan [S] positive,keamanan terjaga karena ada cctv dan keamanan . [A] [O] [S] [A] keamanan [O] terjaga karena ada cctv dan keamanan [S] positive
2141,fasilitas oke punya . [A] [O] [S] [A] fasilitas [O] oke [S] positive,fasilitas oke punya . [A] [O] [S] [A] fasilitas [O] oke [S] positive
2163,tidak ada lift sehingga susah untuk orang tua karena harus naik turun tangga . [A] [O] [S] [A] lift [O] tidak ada lift sehingga susah untuk orang tua karena harus naik turun tangga [S] negative,tidak ada lift sehingga susah untuk orang tua karena harus naik turun tangga . [A] [O] [S] [A] lift [O] tidak ada lift sehingga susah untuk orang tua karena harus naik turun tangga [S] negative
2169,kasurnya agak reot jadi diganjal pakai batu . [A] [O] [S] [A] kasurnya [O] agak reot jadi diganjal pakai batu [S] negative,kasurnya agak reot jadi diganjal pakai batu . [A] [O] [S] [A] kasurnya [O] agak reot jadi diganjal pakai batu [S] negative
2196,desain minimalis . [A] [O] [S] [A] desain [O] minimalis [S] negative,desain minimalis . [A] [O] [S] [A] desain [O] minimalis [S] negative
2199,minus : resepsionis yang lakilaki kurang ramah . [A] [O] [S] [A] resepsionis [O] kurang ramah [S] negative,minus : resepsionis yang lakilaki kurang ramah . [A] [O] [S] [A] resepsionis [O] kurang ramah [S] negative
2254,acnya lumayan dingin . [A] [O] [S] [A] acnya [O] lumayan dingin [S] positive,acnya lumayan dingin . [A] [O] [S] [A] acnya [O] lumayan dingin [S] positive
2268,air shower kecil . [A] [O] [S] [A] air shower [O] kecil [S] negative,air shower kecil . [A] [O] [S] [A] air shower [O] kecil [S] negative
2296,fasilitas oke . [A] [O] [S] [A] fasilitas [O] oke [S] positive,fasilitas oke . [A] [O] [S] [A] fasilitas [O] oke [S] positive
2298,ac cukup oke . [A] [O] [S] [A] ac [O] cukup oke [S] positive,ac cukup oke . [A] [O] [S] [A] ac [O] cukup oke [S] positive
2309,menu breakfast kurang bagus . [A] [O] [S] [A] menu breakfast [O] kurang bagus [S] negative,menu breakfast kurang bagus . [A] [O] [S] [A] menu breakfast [O] kurang bagus [S] negative
2315,dpet kamar yang kurang menarik . semoga next dapat kamar yang seperti dgmbar . [A] [O] [S] [A] kamar [O] kurang menarik [S] negative,dpet kamar yang kurang menarik . semoga next dapat kamar yang seperti dgmbar . [A] [O] [S] [A] kamar [O] kurang menarik [S] negative
2329,seram kamarnya . [A] [O] [S] [A] kamarnya [O] seram [S] negative,seram kamarnya . [A] [O] [S] [A] kamarnya [O] seram [S] negative
2391,kamarnya benar benar sesuai dengan yang ada di photo . [A] [O] [S] [A] kamarnya [O] benar benar sesuai dengan yang ada di photo [S] positive,kamarnya benar benar sesuai dengan yang ada di photo . [A] [O] [S] [A] kamarnya [O] benar benar sesuai dengan yang ada di photo [S] positive
2393,"tempat transit , makanannya enak . [A] [O] [S] [A] makanannya [O] enak [S] positive","tempat transit , makanannya enak . [A] [O] [S] [A] makanannya [O] enak [S] positive"
2399,"terimakasih airy , layanannya sangat sangat baik , moga kedepannya airy semakin sukses . amien . [A] [O] [S] [A] layanannya [O] sangat sangat baik [S] positive","terimakasih airy , layanannya sangat sangat baik , moga kedepannya airy semakin sukses . amien . [A] [O] [S] [A] layanannya [O] sangat sangat baik [S] positive"
2409,tidak ada lift . kesulitannya hanya mengangkut koper tetapi ada porter yang siap membantu . [A] [O] [S] [A] lift [O] tidak ada [S] negative,tidak ada lift . kesulitannya hanya mengangkut koper tetapi ada porter yang siap membantu . [A] [O] [S] [A] lift [O] tidak ada [S] negative
2415,kamar bersih hotel berada disamping gran mall batangase yang megah dan mewah . [A] [O] [S] [A] kamar [O] bersih [S] positive,kamar bersih hotel berada disamping gran mall batangase yang megah dan mewah . [A] [O] [S] [A] kamar [O] bersih [S] positive
2458,karena terlalu banyak kamar jadi tidak diperhatikan masalah kebersihan . [A] [O] [S] [A] kebersihan [O] karena terlalu banyak kamar jadi tidak diperhatikan [S] negative,karena terlalu banyak kamar jadi tidak diperhatikan masalah kebersihan . [A] [O] [S] [A] kebersihan [O] karena terlalu banyak kamar jadi tidak diperhatikan [S] negative
2462,wifi lebih baik dijangkau dalam kamar . yang lainnya fasilitasnya baik . [A] [O] [S] [A] fasilitasnya [O] baik [S] positive,wifi lebih baik dijangkau dalam kamar . yang lainnya fasilitasnya baik . [A] [O] [S] [A] fasilitasnya [O] baik [S] positive
2463,tidak ada wifi sesuai yang di iklankan . [A] [O] [S] [A] wifi [O] tidak ada [S] negative,tidak ada wifi sesuai yang di iklankan . [A] [O] [S] [A] wifi [O] tidak ada [S] negative
2495,wifi kurang joss . [A] [O] [S] [A] wifi [O] kurang joss [S] negative,wifi kurang joss . [A] [O] [S] [A] wifi [O] kurang joss [S] negative
2499,"sayang , air panasnya tidak terlalu panas , jadi kalau mandi kedinginan . hhehe . [A] [O] [S] [A] air panasnya [O] tidak terlalu panas , jadi kalau mandi kedinginan [S] negative","sayang , air panasnya tidak terlalu panas , jadi kalau mandi kedinginan . hhehe . [A] [O] [S] [A] air panasnya [O] tidak terlalu panas , jadi kalau mandi kedinginan [S] negative"
