index,original_sentence,original_triplet,counterfact1_modified,counterfact_triplet1_modified,counterfact2_modified,counterfact_triplet2_modified,counterfact3_modified,counterfact_triplet3_modified,original_label,inference,is_match
30,airnya kurang kencang .,"[('airnya', 'kurang kencang', 'negative')]",bulannya kurang kencang .,"[('bulannya', 'kurang kencang', 'negative')]",airnya lirih .,"[('airnya', 'lirih', 'negative')]",airnya sangat kencang .,"[('airnya', 'sangat kencang', 'positive')]",[S] negative,[S] negative,True
46,kamar nya nyaman dengan nuansa biru .,"[('kamar nya', 'nyaman', 'positive')]",cita-citaku nyaman dengan nuansa biru .,"[('cita-citaku', 'nyaman', 'positive')]",kamar nya asri dengan nuansa biru .,"[('kamar nya', 'asri', 'positive')]",kamar nya tidak nyaman dengan nuansa biru .,"[('kamar nya', 'tidak nyaman', 'negative')]",[S] positive,[S] positive,True
60,pelayanan bagus .,"[('pelayanan', 'bagus', 'positive')]",pencemaran bagus,"[('pencemaran', 'bagus', 'positive')]",pelayanan memuaskan .,"[('pelayanan', 'memuaskan', 'positive')]",pelayanan buruk .,"[('pelayanan', 'buruk', 'negative')]",[S] positive,[S] positive,True
72,"tidak ada fasilitas airy , .","[('fasilitas airy', 'tidak ada', 'negative')]","tidak ada lingkungan , .","[('lingkungan', 'tidak ada', 'negative')]","minim fasilitas airy , .","[('fasilitas airy', 'minim', 'negative')]","ada fasilitas airy , .","[('fasilitas airy', 'ada', 'positive')]",[S] negative,[S] negative,True
75,air kamar mandinnya asin .,"[('air kamar mandinnya', 'asin', 'negative')]",ideologinya asin .,"[('ideologinya', 'asin', 'negative')]",air kamar mandinnya berasa garam .,"[('air kamar mandinnya', 'berasa garam', 'negative')]",air kamar mandinnya oke .,"[('air kamar mandinnya', 'oke', 'positive')]",[S] negative,[S] negative,True
89,pelayanan bagus .,"[('pelayanan', 'bagus', 'positive')]",perpindahan bagus .,"[('perpindahan', 'bagus', 'positive')]",pelayanan prima .,"[('pelayanan', 'prima', 'positive')]",pelayanan buruk .,"[('pelayanan', 'buruk', 'negative')]",[S] positive,[S] positive,True
90,kamarnya oke .,"[('kamarnya', 'oke', 'positive')]",globalisasi oke .,"[('globalisasi', 'oke', 'positive')]",kamarnya bagus .,"[('kamarnya', 'bagus', 'positive')]",kamarnya buruk .,"[('kamarnya', 'buruk', 'negative')]",[S] positive,[S] positive,True
96,menjadi pengalaman yang sangat berkesan .,"[('pengalaman', 'sangat berkesan', 'positive')]",menjadi gajah yang sangat berkesan .,"[('gajah', 'sangat berkesan', 'positive')]",menjadi pengalaman yang tak terlupakan .,"[('pengalaman', 'tak terlupakan', 'positive')]",menjadi pengalaman yang sangat mengecewakan .,"[('pengalaman', 'sangat mengecewakan', 'negative')]",[S] positive,[S] positive,True
97,"tempatnya nyaman , selalu happy menginap disini .","[('tempatnya', 'nyaman', 'positive')]","lemari nyaman , selalu happy menginap disini .","[('lemari', 'nyaman', 'positive')]", ,"[('tempatnya', 'enak', 'positive')]","tempatnya tidak nyaman , selalu happy menginap disini .","[('tempatnya', 'tidak nyaman', 'negative')]",[S] positive,[S] positive,True
136,parkir mobil agak susah .,"[('parkir mobil', 'agak susah', 'negative')]",pertanian agak susah .,"[('pertanian', 'agak susah', 'negative')]",parkir mobil terbatas .,"[('parkir mobil', 'terbatas', 'negative')]",parkir mobil cukup mudah .,"[('parkir mobil', 'cukup mudah', 'positive')]",[S] negative,[S] negative,True
145,kasurnya lapuk .,"[('kasurnya', 'lapuk', 'negative')]",besi lapuk .,"[('besi', 'lapuk', 'negative')]",kasurnya rusak .,"[('kasurnya', 'rusak', 'negative')]",kasurnya baru .,"[('kasurnya', 'baru', 'positive')]",[S] negative,[S] negative,True
146,"memang tidak ada sarapan , .","[('sarapan', 'tidak ada', 'negative')]","memang tidak ada gelap , .","[('gelap', 'tidak ada', 'negative')]","memang tidak disediakan sarapan , .","[('sarapan', 'tidak disediakan', 'negative')]","memang sangat lengkap sarapan , .","[('sarapan', 'sangat lengkap', 'positive')]",[S] negative,[S] negative,True
153,"saya sudah 4 kali menginap di sini , overall pelayanannya baik .","[('overall pelayanannya', 'baik', 'positive')]","saya sudah 4 kali menginap di sini , konstituen baik .","[('konstituen', 'baik', 'positive')]","saya sudah 4 kali menginap di sini , overall pelayanannya bagus .","[('overall pelayanannya', 'bagus', 'positive')]","saya sudah 4 kali menginap di sini , overall pelayanannya buruk .","[('overall pelayanannya', 'buruk', 'negative')]",[S] positive,[S] positive,True
157,pelayan cepat .,"[('pelayan', 'cepat', 'positive')]",atmosfer cepat .,"[('atmosfer', 'cepat', 'positive')]",pelayan sigap .,"[('pelayan', 'sigap', 'positive')]",pelayan lambat .,"[('pelayan', 'lambat', 'negative')]",[S] positive,[S] positive,True
166,tidak ada sabun di dalam kamar .,"[('sabun', 'tidak ada', 'negative')]",tidak ada astronomi di dalam kamar .,"[('astronomi', 'tidak ada', 'negative')]",tidak diberikan sabun di dalam kamar .,"[('sabun', 'tidak diberikan', 'negative')]",ada sabun di dalam kamar .,"[('sabun', 'ada', 'positive')]",[S] negative,[S] negative,True
178,wifi nya kurang memuaskan : ) .,"[('wifi nya', 'kurang memuaskan', 'negative')]",astronot kurang memuaskan : ) .,"[('astronot', 'kurang memuaskan', 'negative')]",wifi nya buruk : ) .,"[('wifi nya', 'buruk', 'negative')]",wifi nya sangat memuaskan : ) .,"[('wifi nya', 'sangat memuaskan', 'positive')]",[S] negative,[S] negative,True
183,ac nya susah di menyalakan .,"[('ac nya', 'susah di menyalakan', 'negative')]",air mineral susah di menyalakan .,"[('air mineral', 'susah di menyalakan', 'negative')]",ac nya sulit dinyalakan .,"[('ac nya', 'sulit dinyalakan', 'negative')]",ac nya mudah dinyalakan .,"[('ac nya', 'mudah dinyalakan', 'positive')]",[S] negative,[S] negative,True
198,kamar sempit .,"[('kamar', 'sempit', 'negative')]",anginnya sempit .,"[('anginnya', 'sempit', 'negative')]",kamar sesak .,"[('kamar', 'sesak', 'negative')]",kamar luas .,"[('kamar', 'luas', 'positive')]",[S] negative,[S] negative,True
199,"sudah 3x menginap di sini , selalu jadi langganan . tempat nyaman kok .","[('tempat', 'nyaman', 'positive')]","sudah 3x menginap di sini , selalu jadi langganan . sapu nyaman kok .","[('sapu', 'nyaman', 'positive')]","sudah 3x menginap di sini , selalu jadi langganan . tempat enak kok .","[('tempat', 'enak', 'positive')]","sudah 3x menginap di sini , selalu jadi langganan . tapi tempat jadi tidak nyaman .","[('tempat', 'tidak nyaman', 'negative')]",[S] positive,[S] positive,True
201,pelayanan kurang .,"[('pelayanan', 'kurang', 'negative')]",komputer kurang .,"[('komputer', 'kurang', 'negative')]",pelayanan buruk .,"[('pelayanan', 'buruk', 'negative')]",pelayanan sangat baik .,"[('pelayanan', 'sangat baik', 'positive')]",[S] negative,[S] negative,True
208,pelayanannya yang sngat profesional .,"[('pelayanannya', 'sngat profesional', 'positive')]",lemari yang sngat profesional .,"[('lemari', 'sngat profesional', 'positive')]",pelayanannya yang prima .,"[('pelayanannya', 'prima', 'positive')]",pelayanannya yang sangat amatiran .,"[('pelayanannya', 'sangat amatiran', 'negative')]",[S] positive,[S] positive,True
220,pelayanan oke .,"[('pelayanan', 'oke', 'positive')]",planet oke .,"[('planet', 'oke', 'positive')]",pelayanan bagus .,"[('pelayanan', 'bagus', 'positive')]",pelayanan tidak oke .,"[('pelayanan', 'tidak oke', 'negative')]",[S] positive,[S] positive,True
223,tempat buat istirahat yang sangat nyaman sekali .,"[('tempat', 'sangat nyaman sekali', 'positive')]",lukisan buat istirahat yang sangat nyaman sekali .,"[('lukisan', 'sangat nyaman sekali', 'positive')]",tempat buat istirahat yang tentram .,"[('tempat', 'tentram', 'positive')]",tempat buat istirahat yang sangat tidak nyaman .,"[('tempat', 'sangat tidak nyaman', 'negative')]",[S] positive,[S] positive,True
229,di lantai 1 kamar yang kami tempati lumayan besar .,"[('kamar', 'lumayan besar', 'positive')]",di lantai 1 baterai yang kami tempati lumayan besar .,"[('baterai', 'lumayan besar', 'positive')]",di lantai 1 kamar yang kami tempati agak luas .,"[('kamar', 'agak luas', 'positive')]",di lantai 1 kamar yang kami tempati lumayan kecil .,"[('kamar', 'lumayan kecil', 'negative')]",[S] positive,[S] positive,True
230,hot shower tidak berfungsi .,"[('hot shower', 'tidak berfungsi', 'negative')]",alas tidak berfungsi .,"[('alas', 'tidak berfungsi', 'negative')]",hot shower rusak .,"[('hot shower', 'rusak', 'negative')]",hot shower berfungsi dengan baik .,"[('hot shower', 'berfungsi dengan baik', 'positive')]",[S] negative,[S] negative,True
231,bagus tempatnya .,"[('tempatnya', 'bagus', 'positive')]",bagus ekosistem .,"[('ekosistem', 'bagus', 'positive')]",apik tempatnya .,"[('tempatnya', 'apik', 'positive')]",buruk tempatnya .,"[('tempatnya', 'buruk', 'negative')]",[S] positive,[S] positive,True
233,pelayanan ramah .,"[('pelayanan', 'ramah', 'positive')]",planet ramah .,"[('planet', 'ramah', 'positive')]",pelayanan bersahabat .,"[('pelayanan', 'bersahabat', 'positive')]",pelayanan tidak ramah .,"[('pelayanan', 'tidak ramah', 'negative')]",[S] positive,[S] positive,True
235,lokasi strategis dekat stasiun blitar dan alun alun .,"[('lokasi', 'strategis', 'positive')]",merk strategis dekat stasiun blitar dan alun alun .,"[('merk', 'strategis', 'positive')]",lokasi menguntungkan dekat stasiun blitar dan alun alun .,"[('lokasi', 'menguntungkan', 'positive')]",lokasi tidak strategis dekat stasiun blitar dan alun alun .,"[('lokasi', 'tidak strategis', 'negative')]",[S] positive,[S] positive,True
245,kamar nya kotor .,"[('kamar nya', 'kotor', 'negative')]",matahari kotor .,"[('matahari', 'kotor', 'negative')]",kamar nya dekil .,"[('kamar nya', 'dekil', 'negative')]",kamar nya bersih .,"[('kamar nya', 'bersih', 'positive')]",[S] negative,[S] negative,True
260,kurang nyaman di kamar mandi .,"[('kamar mandi', 'kurang nyaman', 'negative')]",kurang nyaman di kulkas .,"[('kulkas', 'kurang nyaman', 'negative')]",tidak menyenangkan di kamar mandi .,"[('kamar mandi', 'tidak menyenangkan', 'negative')]",sangat nyaman di kamar mandi .,"[('kamar mandi', 'sangat nyaman', 'positive')]",[S] negative,[S] negative,True
261,kamar bagus untuk budget standar .,"[('kamar', 'bagus', 'positive')]",keramahan bagus untuk budget standar .,"[('keramahan', 'bagus', 'positive')]",kamar elok untuk budget standar .,"[('kamar', 'elok', 'positive')]",kamar jelek untuk budget standar .,"[('kamar', 'jelek', 'negative')]",[S] positive,[S] positive,True
264,"tidak ada kesan sama sekali , terimakasih .","[('kesan', 'tidak ada', 'negative')]","tidak ada bubuk sama sekali , terimakasih .","[('bubuk', 'tidak ada', 'negative')]","buruk kesan sama sekali , terimakasih .","[('kesan', 'buruk', 'negative')]","kesan yang sangat membekas , terimakasih .","[('kesan', 'sangat membekas', 'positive')]",[S] negative,[S] negative,True
282,seprai nya kurang bersih .,"[('seprai nya', 'kurang bersih', 'negative')]",ponsel kurang bersih .,"[('ponsel', 'kurang bersih', 'negative')]",seprai nya kotor .,"[('seprai nya', 'kotor', 'negative')]",seprai nya sangat bersih .,"[('seprai nya', 'sangat bersih', 'positive')]",[S] negative,[S] negative,True
284,tidak ada handuk .,"[('handuk', 'tidak ada', 'negative')]",tidak ada keracunan .,"[('keracunan', 'tidak ada', 'negative')]",kurang handuk .,"[('handuk', 'kurang', 'negative')]",ada handuk .,"[('handuk', 'ada', 'positive')]",[S] negative,[S] negative,True
289,kebersihan seprai harus tetap dijaga iya . tetapi overall semua oke .,"[('overall', 'oke', 'positive')]",kebersihan seprai harus tetap dijaga iya . tetapi luka semua oke .,"[('luka', 'oke', 'positive')]",kebersihan seprai harus tetap dijaga iya . tetapi overall semua baik .,"[('overall', 'baik', 'positive')]",kebersihan seprai harus tetap dijaga iya . overall semua bermasalah .,"[('overall', 'bermasalah', 'negative')]",[S] positive,[S] positive,True
292,kamarnya tidak kedap suara . jadi kamar sebelah berbicara biasa pun bisa terdengar . 2 malam saya mengin .,"[('kamarnya', 'tidak kedap suara', 'negative')]",merk handphone tidak kedap suara . jadi kamar sebelah berbicara biasa pun bisa terdengar . 2 malam saya mengin .,"[('merk handphone', 'tidak kedap suara', 'negative')]",kamarnya berisik . jadi kamar sebelah berbicara biasa pun bisa terdengar . 2 malam saya mengin .,"[('kamarnya', 'berisik', 'negative')]",kamarnya kedap suara . jadi kamar sebelah berbicara biasa pun tidak terdengar . 2 malam saya mengin .,"[('kamarnya', 'kedap suara', 'positive')]",[S] negative,[S] negative,True
306,pelayanan yang baik .,"[('pelayanan', 'baik', 'positive')]",batu yang baik .,"[('batu', 'baik', 'positive')]",pelayanan yang prima .,"[('pelayanan', 'prima', 'positive')]",pelayanan yang buruk .,"[('pelayanan', 'buruk', 'negative')]",[S] positive,[S] positive,True
318,"pelayanannya sangat baik , cocok banget buat para traveller yang ingin inap di daerah ciputat .","[('pelayanannya', 'sangat baik', 'positive')]","kepemimpinan sangat baik , cocok banget buat para traveller yang ingin inap di daerah ciputat .","[('kepemimpinan', 'sangat baik', 'positive')]","pelayanannya hebat , cocok banget buat para traveller yang ingin inap di daerah ciputat .","[('pelayanannya', 'hebat', 'positive')]","pelayanannya sangat buruk , tidak cocok buat para traveller yang ingin inap di daerah ciputat .","[('pelayanannya', 'sangat buruk', 'negative')]",[S] positive,[S] positive,True
348,tempat enak banget .,"[('tempat', 'enak banget', 'positive')]",layangan enak banget .,"[('layangan', 'enak banget', 'positive')]",tempat asyik .,"[('tempat', 'asyik', 'positive')]",tempat tidak enak sama sekali .,"[('tempat', 'tidak enak sama sekali', 'negative')]",[S] positive,[S] positive,True
357,"cukup sekali . selimut masih bau , buat tidak nyaman tidur . yah sesuai harga lah .","[('selimut', 'bau', 'negative')]","cukup sekali . pesawat masih bau , buat tidak nyaman tidur . yah sesuai harga lah .","[('pesawat', 'bau', 'negative')]","cukup sekali . selimut masih beraroma tidak sedap , buat tidak nyaman tidur . yah sesuai harga lah .","[('selimut', 'beraroma tidak sedap', 'negative')]","cukup sekali . selimut masih harum , buat nyaman tidur . yah sesuai harga lah .","[('selimut', 'harum', 'positive')]",[S] negative,[S] negative,True
362,petugas yang ramah .,"[('petugas', 'ramah', 'positive')]",tempat minum yang ramah .,"[('tempat minum', 'ramah', 'positive')]",petugas yang bersahabat .,"[('petugas', 'bersahabat', 'positive')]",petugas yang tidak ramah .,"[('petugas', 'tidak ramah', 'negative')]",[S] positive,[S] positive,True
367,"pesan 2 kamar cuma dapat sandal 2 pasang , kamar bau .","[('kamar', 'bau', 'negative')]","pesan 2 kamar cuma dapat sandal 2 pasang , pohon bau .","[('pohon', 'bau', 'negative')]","pesan 2 kamar cuma dapat sandal 2 pasang , kamar tidak sedap .","[('kamar', 'tidak sedap', 'negative')]","pesan 2 kamar cuma dapat sandal 2 pasang , kamar harum .","[('kamar', 'harum', 'positive')]",[S] negative,[S] negative,True
372,air tidak jalan .,"[('air', 'tidak jalan', 'negative')]",tangan tidak jalan .,"[('tangan', 'tidak jalan', 'negative')]",air macet .,"[('air', 'macet', 'negative')]",air lancar .,"[('air', 'lancar', 'positive')]",[S] negative,[S] negative,True
376,sarapannya ala kadarnya .,"[('sarapannya', 'ala kadarnya', 'negative')]",sakit ala kadarnya .,"[('sakit', 'ala kadarnya', 'negative')]",sarapannya seadanya .,"[('sarapannya', 'seadanya', 'negative')]",sarapannya sangat mewah .,"[('sarapannya', 'sangat mewah', 'positive')]",[S] negative,[S] negative,True
381,"tiga malam menginap di sini . area strategis , tidak begitu jauh dengan bandara dan jembatan ampera .","[('area', 'strategis', 'positive')]","tiga malam menginap di sini . komputer strategis , tidak begitu jauh dengan bandara dan jembatan ampera .","[('komputer', 'strategis', 'positive')]","tiga malam menginap di sini . area ideal , tidak begitu jauh dengan bandara dan jembatan ampera .","[('area', 'ideal', 'positive')]","tiga malam menginap di sini . area tidak strategis , jauh dengan bandara dan jembatan ampera .","[('area', 'tidak strategis', 'negative')]",[S] positive,[S] positive,True
384,"koridor terkesan kotor , karena banyak terlihat untuk penyimpanan barang barang . suasana tempat jadi te .","[('koridor', 'kotor', 'negative')]","biola terkesan kotor , karena banyak terlihat untuk penyimpanan barang barang . suasana tempat jadi te .","[('biola', 'kotor', 'negative')]","koridor terkesan berdebu , karena banyak terlihat untuk penyimpanan barang barang . suasana tempat jadi te .","[('koridor', 'berdebu', 'negative')]","koridor terkesan bersih , karena tidak banyak terlihat untuk penyimpanan barang barang . suasana tempat jadi te .","[('koridor', 'bersih', 'positive')]",[S] negative,[S] negative,True
394,wifi jelek .,"[('wifi', 'jelek', 'negative')]",keasaman jelek .,"[('keasaman', 'jelek', 'negative')]",wifi buruk .,"[('wifi', 'buruk', 'negative')]",wifi bagus .,"[('wifi', 'bagus', 'positive')]",[S] negative,[S] negative,True
419,"hotelnya di rumah toko , jadi parkir kurang memadai .","[('parkir', 'kurang memadai', 'negative')]","hotelnya di rumah toko , jadi rambut kurang memadai .","[('rambut', 'kurang memadai', 'negative')]","hotelnya di rumah toko , jadi parkir sempit .","[('parkir', 'sempit', 'negative')]","hotelnya di rumah toko , parkir memadai .","[('parkir', 'memadai', 'positive')]",[S] negative,[S] negative,True
422,penjaganya ramah .,"[('penjaganya', 'ramah', 'positive')]",komputer ramah .,"[('komputer', 'ramah', 'positive')]",penjaganya bersahabat .,"[('penjaganya', 'bersahabat', 'positive')]",penjaganya judes .,"[('penjaganya', 'judes', 'negative')]",[S] positive,[S] positive,True
456,cuma waktu mau check out . respons agak lambat .,"[('respons', 'agak lambat', 'negative')]",cuma waktu mau check out . atmosfer agak lambat .,"[('atmosfer', 'agak lambat', 'negative')]",cuma waktu mau check out . respons lelet .,"[('respons', 'lelet', 'negative')]",waktu mau check out . respons cepat .,"[('respons', 'cepat', 'positive')]",[S] negative,[S] negative,True
463,kamar cukup nyaman .,"[('kamar', 'cukup nyaman', 'positive')]",jembatan cukup nyaman .,"[('jembatan', 'cukup nyaman', 'positive')]",kamar cukup enak .,"[('kamar', 'enak', 'positive')]",kamar tidak nyaman .,"[('kamar', 'tidak nyaman', 'negative')]",[S] positive,[S] positive,True
464,selimutnya tidak ada beda sama airy yang di jalan mappanyukki ada selimutnya : ( .,"[('selimutnya', 'tidak ada', 'negative')]",astronot tidak ada beda sama airy yang di jalan mappanyukki ada selimutnya : ( .,"[('astronot', 'tidak ada', 'negative')]",selimutnya tidak terlihat beda sama airy yang di jalan mappanyukki ada selimutnya : ( .,"[('selimutnya', 'tidak terlihat', 'negative')]",selimutnya sangat tebal beda sama airy yang di jalan mappanyukki .,"[('selimutnya', 'sangat tebal', 'positive')]",[S] negative,[S] negative,True
468,pelayannya kurang ramah .,"[('pelayannya', 'kurang ramah', 'negative')]",badan kurang ramah .,"[('badan', 'kurang ramah', 'negative')]",pelayannya tidak sopan .,"[('pelayannya', 'tidak sopan', 'negative')]",pelayannya sangat tidak ramah .,"[('pelayannya', 'sangat tidak ramah', 'positive')]",[S] negative,[S] negative,True
477,kamarnya kurang bersih .,"[('kamarnya', 'kurang bersih', 'negative')]",ongkos kurang bersih .,"[('ongkos', 'kurang bersih', 'negative')]",kamarnya kotor .,"[('kamarnya', 'kotor', 'negative')]",kamarnya sangat kotor .,"[('kamarnya', 'sangat kotor', 'positive')]",[S] negative,[S] negative,True
485,kamar bersih .,"[('kamar', 'bersih', 'positive')]",keramaian bersih .,"[('keramaian', 'bersih', 'positive')]",kamar rapi .,"[('kamar', 'rapi', 'positive')]",kamar kotor .,"[('kamar', 'kotor', 'negative')]",[S] positive,[S] positive,True
499,bagus . pelayanannya .,"[('pelayanannya', 'bagus', 'positive')]",bagus . kejahatan .,"[('kejahatan', 'bagus', 'positive')]",baik sekali . pelayanannya .,"[('pelayanannya', 'baik sekali', 'positive')]",buruk . pelayanannya .,"[('pelayanannya', 'buruk', 'negative')]",[S] positive,[S] positive,True
513,kamar tidak kedap suara .,"[('kamar', 'tidak kedap suara', 'negative')]",planet mars tidak kedap suara .,"[('planet mars', 'tidak kedap suara', 'negative')]",kamar bising .,"[('kamar', 'bising', 'negative')]",kamar kedap suara .,"[('kamar', 'kedap suara', 'positive')]",[S] negative,[S] negative,True
516,sarapan yang kurang menarik .,"[('sarapan', 'kurang menarik', 'negative')]",minyak mentah yang kurang menarik .,"[('minyak mentah', 'kurang menarik', 'negative')]",sarapan yang tidak menggugah selera .,"[('sarapan', 'tidak menggugah selera', 'negative')]",sarapan yang sangat menarik .,"[('sarapan', 'sangat menarik', 'positive')]",[S] negative,[S] negative,True
528,menu sarapan kurang enak .,"[('menu sarapan', 'kurang enak', 'negative')]",kotorannya kurang enak .,"[('kotorannya', 'kurang enak', 'negative')]",menu sarapan tidak memuaskan .,"[('menu sarapan', 'tidak memuaskan', 'negative')]",menu sarapan sangat enak .,"[('menu sarapan', 'sangat enak', 'positive')]",[S] negative,[S] negative,True
530,bukan macam penginapan . sudah konfirmasi . bahkan tidak ada kamar . buang uang saja .,"[('kamar', 'tidak ada', 'negative')]",bukan macam penginapan . sudah konfirmasi . bahkan tidak ada gajah . buang uang saja .,"[('gajah', 'tidak ada', 'negative')]",bukan macam penginapan . sudah konfirmasi . bahkan kosong kamar . buang uang saja .,"[('kamar', 'kosong', 'negative')]",macam penginapan . sudah konfirmasi . bahkan banyak kamar .,"[('kamar', 'banyak', 'positive')]",[S] negative,[S] negative,True
536,ac kurang dingin .,"[('ac', 'kurang dingin', 'negative')]",telepon rumah kurang dingin .,"[('telepon rumah', 'kurang dingin', 'negative')]",ac tidak begitu dingin .,"[('ac', 'tidak begitu dingin', 'negative')]",ac dingin .,"[('ac', 'dingin', 'positive')]",[S] negative,[S] negative,True
540,"lampu penerangan masuk hotel gelap karena kan ada ditikungan harus lebih jelas dan terang , maaf terima kasih .","[('lampu penerangan', 'gelap', 'negative')]","merk masuk hotel gelap karena kan ada ditikungan harus lebih jelas dan terang , maaf terima kasih .","[('merk', 'gelap', 'negative')]","lampu penerangan masuk hotel redup karena kan ada ditikungan harus lebih jelas dan terang , maaf terima kasih .","[('lampu penerangan', 'redup', 'negative')]","lampu penerangan masuk hotel terang karena kan ada ditikungan jadi lebih jelas dan terang , terima kasih .","[('lampu penerangan', 'terang', 'positive')]",[S] negative,[S] negative,True
542,kamar mandi terlalu sempit .,"[('kamar mandi', 'terlalu sempit', 'negative')]",otomotif terlalu sempit .,"[('otomotif', 'terlalu sempit', 'negative')]",kamar mandi sempit sekali .,"[('kamar mandi', 'sempit sekali', 'negative')]",kamar mandi sangat luas .,"[('kamar mandi', 'sangat luas', 'positive')]",[S] negative,[S] negative,True
548,parkiran luas .,"[('parkiran', 'luas', 'positive')]",pernikahan luas .,"[('pernikahan', 'luas', 'positive')]",parkiran lapang .,"[('parkiran', 'lapang', 'positive')]",parkiran sempit .,"[('parkiran', 'sempit', 'negative')]",[S] positive,[S] positive,True
597,tempat nya nyaman .,"[('tempat nya', 'nyaman', 'positive')]",pemblokiran nyaman .,"[('pemblokiran', 'nyaman', 'positive')]",tempat nya menyenangkan .,"[('tempat nya', 'menyenangkan', 'positive')]",tempat nya tidak nyaman .,"[('tempat nya', 'tidak nyaman', 'negative')]",[S] positive,[S] positive,True
613,kamar mandi kotor .,"[('kamar mandi', 'kotor', 'negative')]",atmosfer kotor .,"[('atmosfer', 'kotor', 'negative')]",kamar mandi berdebu .,"[('kamar mandi', 'berdebu', 'negative')]",kamar mandi bersih .,"[('kamar mandi', 'bersih', 'positive')]",[S] negative,[S] negative,True
614,suasana nya nyaman serta akses kemana mana dekat .,"[('suasana nya', 'nyaman', 'positive')]",terjemahan nyaman serta akses kemana mana dekat .,"[('terjemahan', 'nyaman', 'positive')]",suasana nya enak serta akses kemana mana dekat .,"[('suasana nya', 'enak', 'positive')]",suasana nya tidak nyaman dan akses kemana mana dekat .,"[('suasana nya', 'tidak nyaman', 'negative')]",[S] positive,[S] positive,True
622,kebersihan kamar tolong diperhatikan .,"[('kebersihan kamar', 'tolong diperhatikan', 'negative')]",galaksi tolong diperhatikan .,"[('galaksi', 'tolong diperhatikan', 'negative')]",kebersihan kamar mohon diperhatikan .,"[('kebersihan kamar', 'mohon diperhatikan', 'negative')]",kebersihan kamar sangat diperhatikan .,"[('kebersihan kamar', 'sangat diperhatikan', 'positive')]",[S] negative,[S] negative,True
624,menu sarapannya enak .,"[('menu sarapannya', 'enak', 'positive')]",pengadilan enak .,"[('pengadilan', 'enak', 'positive')]",menu sarapannya nikmat .,"[('menu sarapannya', 'nikmat', 'positive')]",menu sarapannya tidak sedap .,"[('menu sarapannya', 'tidak sedap', 'negative')]",[S] positive,[S] positive,True
639,ac nya kurang dingin .,"[('ac nya', 'kurang dingin', 'negative')]",komputernya kurang dingin .,"[('komputernya', 'kurang dingin', 'negative')]",ac nya tidak begitu dingin .,"[('ac nya', 'tidak begitu dingin', 'negative')]",ac nya dingin .,"[('ac nya', 'dingin', 'positive')]",[S] negative,[S] negative,True
644,sarapannya enak .,"[('sarapannya', 'enak', 'positive')]",pelarian enak .,"[('pelarian', 'enak', 'positive')]",sarapannya lezat .,"[('sarapannya', 'lezat', 'positive')]",sarapannya tidak enak .,"[('sarapannya', 'tidak enak', 'negative')]",[S] positive,[S] positive,True
648,agak kotor di kamar yang lantai 2 .,"[('kamar', 'agak kotor', 'negative')]",agak kotor di planet yang lantai 2 .,"[('planet', 'agak kotor', 'negative')]",kurang bersih di kamar yang lantai 2 .,"[('kamar', 'kurang bersih', 'negative')]",agak bersih di kamar yang lantai 2 .,"[('kamar', 'agak bersih', 'positive')]",[S] negative,[S] negative,True
654,ac di kamar nomor 10 tidak dingin .,"[('ac', 'tidak dingin', 'negative')]",meja di kamar nomor 10 tidak dingin .,"[('meja', 'tidak dingin', 'negative')]",ac di kamar nomor 10 kurang dingin .,"[('ac', 'kurang dingin', 'negative')]",ac di kamar nomor 10 sangat dingin .,"[('ac', 'sangat dingin', 'positive')]",[S] negative,[S] negative,True
656,"kondisi kamar sudah baik , akan tetapi kalau ditingkatkan dengan adanya pengharum kamar mandi akan lebih baik lagi .","[('kamar', 'baik', 'positive')]","kondisi perangkat keras sudah baik , akan tetapi kalau ditingkatkan dengan adanya pengharum kamar mandi akan lebih baik lagi .","[('perangkat keras', 'baik', 'positive')]","kondisi kamar sudah lumayan , akan tetapi kalau ditingkatkan dengan adanya pengharum kamar mandi akan lebih baik lagi .","[('kamar', 'lumayan', 'positive')]","kondisi kamar buruk , kalau ditingkatkan dengan adanya pengharum kamar mandi akan lebih baik lagi .","[('kamar', 'buruk', 'negative')]",[S] positive,[S] positive,True
666,air panas tidak berfungsi .,"[('air panas', 'tidak berfungsi', 'negative')]",kepedulian tidak berfungsi .,"[('kepedulian', 'tidak berfungsi', 'negative')]",air panas rusak .,"[('air panas', 'rusak', 'negative')]",air panas berfungsi dengan baik .,"[('air panas', 'berfungsi dengan baik', 'positive')]",[S] negative,[S] negative,True
670,menu sarapan bervariasi .,"[('menu sarapan', 'bervariasi', 'positive')]",kerapiannya bervariasi .,"[('kerapiannya', 'bervariasi', 'positive')]",menu sarapan beragam .,"[('menu sarapan', 'beragam', 'positive')]",menu sarapan tidak beragam .,"[('menu sarapan', 'tidak beragam', 'negative')]",[S] positive,[S] positive,True
673,kebersihan perlu ditingkatkan .,"[('kebersihan', 'perlu ditingkatkan', 'negative')]",bulan perlu ditingkatkan .,"[('bulan', 'perlu ditingkatkan', 'negative')]",kebersihan perlu diperbaiki .,"[('kebersihan', 'perlu diperbaiki', 'negative')]",kebersihan sudah cukup baik .,"[('kebersihan', 'sudah cukup baik', 'positive')]",[S] negative,[S] negative,True
674,bangunan lama agak seram .,"[('bangunan', 'agak seram', 'negative')]",lalat lama agak seram .,"[('lalat', 'agak seram', 'negative')]",bangunan lama menakutkan .,"[('bangunan', 'menakutkan', 'negative')]",bangunan lama tapi bagus .,"[('bangunan', 'tapi bagus', 'positive')]",[S] negative,[S] negative,True
681,air panasnya tidak stabil .,"[('air panasnya', 'tidak stabil', 'negative')]",pulpen tidak stabil .,"[('pulpen', 'tidak stabil', 'negative')]",air panasnya tidak menentu .,"[('air panasnya', 'tidak menentu', 'negative')]",air panasnya stabil .,"[('air panasnya', 'stabil', 'positive')]",[S] negative,[S] negative,True
687,pelayanannya sangat bagus .,"[('pelayanannya', 'sangat bagus', 'positive')]",kwitansinya sangat bagus .,"[('kwitansinya', 'sangat bagus', 'positive')]",pelayanannya memuaskan .,"[('pelayanannya', 'memuaskan', 'positive')]",pelayanannya sangat buruk .,"[('pelayanannya', 'sangat buruk', 'negative')]",[S] positive,[S] positive,True
688,waktu saya menginap disini saya dapat kamar yang besar sekali .,"[('kamar', 'besar sekali', 'positive')]",waktu saya menginap disini saya dapat kemampuan yang besar sekali .,"[('kemampuan', 'besar sekali', 'positive')]",waktu saya menginap disini saya dapat kamar yang luas sekali .,"[('kamar', 'luas sekali', 'positive')]",waktu saya menginap disini saya dapat kamar yang kecil sekali .,"[('kamar', 'kecil sekali', 'negative')]",[S] positive,[S] positive,True
702,snack yang disediakan juga lumayan banyak .,"[('snack', 'lumayan banyak', 'positive')]",meteor yang disediakan juga lumayan banyak .,"[('meteor', 'lumayan banyak', 'positive')]",snack yang disediakan juga berlimpah .,"[('snack', 'berlimpah', 'positive')]",snack yang disediakan hanya sedikit .,"[('snack', 'hanya sedikit', 'negative')]",[S] positive,[S] positive,True
713,tempatnya di tengah kota dan sangat tenang .,"[('tempatnya', 'sangat tenang', 'positive')]",koper di tengah kota dan sangat tenang .,"[('koper', 'sangat tenang', 'positive')]",tempatnya di tengah kota dan damai .,"[('tempatnya', 'damai', 'positive')]",tempatnya di tengah kota dan sangat ramai .,"[('tempatnya', 'sangat ramai', 'negative')]",[S] positive,[S] positive,True
721,tidak ada tisu .,"[('tisu', 'tidak ada', 'negative')]",tidak ada keberadaan .,"[('keberadaan', 'tidak ada', 'negative')]",langka tisu .,"[('tisu', 'langka', 'negative')]",tersedia tisu .,"[('tisu', 'tersedia', 'positive')]",[S] negative,[S] negative,True
730,sarapannya kurang enak .,"[('sarapannya', 'kurang enak', 'negative')]",pohonnya kurang enak .,"[('pohonnya', 'kurang enak', 'negative')]",sarapannya hambar .,"[('sarapannya', 'hambar', 'negative')]",sarapannya sangat enak .,"[('sarapannya', 'sangat enak', 'positive')]",[S] negative,[S] negative,True
736,wifi tidak tertangkap .,"[('wifi', 'tidak tertangkap', 'negative')]",lukisan tidak tertangkap .,"[('lukisan', 'tidak tertangkap', 'negative')]",wifi tidak terdeteksi .,"[('wifi', 'tidak terdeteksi', 'negative')]",wifi sangat lancar .,"[('wifi', 'sangat lancar', 'positive')]",[S] negative,[S] negative,True
738,"tempatnya nyaman , insya allah kalau ke cirebon akan mampir lagi .","[('tempatnya', 'nyaman', 'positive')]","merk nyaman , insya allah kalau ke cirebon akan mampir lagi .","[('merk', 'nyaman', 'positive')]","tempatnya enak , insya allah kalau ke cirebon akan mampir lagi .","[('tempatnya', 'enak', 'positive')]","tempatnya tidak nyaman , kalau ke cirebon ngga akan mampir lagi .","[('tempatnya', 'tidak nyaman', 'negative')]",[S] positive,[S] positive,True
744,ac nya panas .,"[('ac nya', 'panas', 'negative')]",esnya panas .,"[('esnya', 'panas', 'negative')]",ac nya gerah .,"[('ac nya', 'gerah', 'negative')]",ac nya dingin .,"[('ac nya', 'dingin', 'positive')]",[S] negative,[S] negative,True
746,wifi nya tidak aktif .,"[('wifi nya', 'tidak aktif', 'negative')]",lemari tidak aktif .,"[('lemari', 'tidak aktif', 'negative')]",wifi nya mati .,"[('wifi nya', 'mati', 'negative')]",wifi nya sangat aktif .,"[('wifi nya', 'sangat aktif', 'positive')]",[S] negative,[S] negative,True
750,air showernya kecil .,"[('air showernya', 'kecil', 'negative')]",perjanjiannya kecil .,"[('perjanjiannya', 'kecil', 'negative')]",air showernya kurang deras .,"[('air showernya', 'kurang deras', 'negative')]",air showernya besar .,"[('air showernya', 'besar', 'positive')]",[S] negative,[S] negative,True
776,over all baik tetapi kalau bisa kolong tempat tidur juga dibersihkan iya karena terdapat pampers bayi bekas .,"[('over all', 'baik', 'positive')]",komik baik tetapi kalau bisa kolong tempat tidur juga dibersihkan iya karena terdapat pampers bayi bekas .,"[('komik', 'baik', 'positive')]",over all lumayan tetapi kalau bisa kolong tempat tidur juga dibersihkan iya karena terdapat pampers bayi bekas .,"[('over all', 'lumayan', 'positive')]","over all buruk , kolong tempat tidur juga dibersihkan iya karena terdapat pampers bayi bekas .","[('over all', 'buruk', 'negative')]",[S] positive,[S] positive,True
790,"ada deposit 100 rb . check in cepat . lokasi dekat sama tempat makan , minimarket , mall .","[('check in', 'cepat', 'positive')]","ada deposit 100 rb . bantal cepat . lokasi dekat sama tempat makan , minimarket , mall .","[('bantal', 'cepat', 'positive')]","ada deposit 100 rb . check in kilat . lokasi dekat sama tempat makan , minimarket , mall .","[('check in', 'kilat', 'positive')]","ada deposit 100 rb . check in lambat . lokasi dekat sama tempat makan , minimarket , mall .","[('check in', 'lambat', 'negative')]",[S] positive,[S] negative,False
795,saya baru di infokan kalau tidak ada parkir setelah sudah sampai .,"[('parkir', 'tidak ada', 'negative')]",saya baru di infokan kalau tidak ada kegelapan setelah sudah sampai .,"[('kegelapan', 'tidak ada', 'negative')]",saya baru di infokan kalau tidak tersedia parkir setelah sudah sampai .,"[('parkir', 'tidak tersedia', 'negative')]",saya baru di infokan kalau ada parkir setelah sudah sampai .,"[('parkir', 'ada', 'positive')]",[S] negative,[S] negative,True
796,internetnya lambat .,"[('internetnya', 'lambat', 'negative')]",petirnya lambat .,"[('petirnya', 'lambat', 'negative')]",internetnya lelet .,"[('internetnya', 'lelet', 'negative')]",internetnya cepat .,"[('internetnya', 'cepat', 'positive')]",[S] negative,[S] negative,True
823,fasilitasnya bagus . terima kasih airy .,"[('fasilitasnya', 'bagus', 'positive')]",kemapanan bagus . terima kasih airy .,"[('kemapanan', 'bagus', 'positive')]",fasilitasnya keren . terima kasih airy .,"[('fasilitasnya', 'keren', 'positive')]",fasilitasnya buruk . terima kasih airy .,"[('fasilitasnya', 'buruk', 'negative')]",[S] positive,[S] positive,True
827,kenyamanan kurang . suara orang sebelah kamar terdengar jelas .,"[('kenyamanan', 'kurang', 'negative')]",cita-cita kurang . suara orang sebelah kamar terdengar jelas .,"[('cita-cita', 'kurang', 'negative')]",kenyamanan rendah . suara orang sebelah kamar terdengar jelas .,"[('kenyamanan', 'rendah', 'negative')]",kenyamanan sangat memuaskan . suara orang sebelah kamar tidak terdengar sama sekali .,"[('kenyamanan', 'sangat memuaskan', 'positive')]",[S] negative,[S] negative,True
829,lokasi hotel strategis .,"[('lokasi hotel', 'strategis', 'positive')]",jamban strategis .,"[('jamban', 'strategis', 'positive')]",lokasi hotel ideal .,"[('lokasi hotel', 'ideal', 'positive')]",lokasi hotel tidak strategis .,"[('lokasi hotel', 'tidak strategis', 'negative')]",[S] positive,[S] positive,True
855,"kamar mandi kotor , hotel sering buat kegiatan anehaneh .","[('kamar mandi', 'kotor', 'negative')]","tulang kotor , hotel sering buat kegiatan anehaneh .","[('tulang', 'kotor', 'negative')]","kamar mandi jorok , hotel sering buat kegiatan anehaneh .","[('kamar mandi', 'jorok', 'negative')]","kamar mandi bersih , hotel sering buat kegiatan yang umum .","[('kamar mandi', 'bersih', 'positive')]",[S] negative,[S] negative,True
860,hotelnya nyaman serasa bintang 3 .,"[('hotelnya', 'nyaman', 'positive')]",kesedihan nyaman serasa bintang 3 .,"[('kesedihan', 'nyaman', 'positive')]",hotelnya enak serasa bintang 3 .,"[('hotelnya', 'enak', 'positive')]",hotelnya tidak nyaman serasa bintang 3 .,"[('hotelnya', 'tidak nyaman', 'negative')]",[S] positive,[S] positive,True
877,resepsionis sangat tidak ramah . jatah cek in jam 2 siang tetapi katanya baru bisa masuk jam 3 sore .,"[('resepsionis', 'sangat tidak ramah', 'negative')]",dolar sangat tidak ramah . jatah cek in jam 2 siang tetapi katanya baru bisa masuk jam 3 sore .,"[('dolar', 'sangat tidak ramah', 'negative')]",resepsionis menjengkelkan . jatah cek in jam 2 siang tetapi katanya baru bisa masuk jam 3 sore .,"[('resepsionis', 'menjengkelkan', 'negative')]",resepsionis tetap ramah walaupun cek in jam 2 siang tetapi katanya baru bisa masuk jam 3 sore .,"[('resepsionis', 'tetap ramah', 'positive')]",[S] negative,[S] negative,True
894,tempat nya asri . didpnnya ada masjid bagus .,"[('tempat nya', 'asri', 'positive')]",ideologinya asri . didpnnya ada masjid bagus .,"[('ideologinya', 'asri', 'positive')]",tempat nya teduh . didpnnya ada masjid bagus .,"[('tempat nya', 'teduh', 'positive')]",tempat nya tidak asri . didpnnya ada masjid bagus .,"[('tempat nya', 'tidak asri', 'negative')]",[S] positive,[S] positive,True
905,kamar mandi kotor sungguh .,"[('kamar mandi', 'kotor', 'negative')]",lem kotor sungguh .,"[('lem', 'kotor', 'negative')]",kamar mandi jorok sungguh .,"[('kamar mandi', 'jorok', 'negative')]",kamar mandi bersih sungguh .,"[('kamar mandi', 'bersih', 'positive')]",[S] negative,[S] negative,True
920,pelayanannya lambat .,"[('pelayanannya', 'lambat', 'negative')]",ekstensi lambat .,"[('ekstensi', 'lambat', 'negative')]",pelayanannya lelet .,"[('pelayanannya', 'lelet', 'negative')]",pelayanannya cepat .,"[('pelayanannya', 'cepat', 'positive')]",[S] negative,[S] negative,True
926,"pelayanan yang mantap , .","[('pelayanan', 'mantap', 'positive')]","kesetaraan yang mantap , .","[('kesetaraan', 'mantap', 'positive')]","pelayanan yang topcer , .","[('pelayanan', 'topcer', 'positive')]","pelayanan yang buruk , .","[('pelayanan', 'buruk', 'negative')]",[S] positive,[S] positive,True
929,handuk banyak rambutnya .,"[('handuk', 'banyak rambutnya', 'negative')]",payung banyak rambutnya .,"[('payung', 'banyak rambutnya', 'negative')]",handuk penuh rambut .,"[('handuk', 'penuh rambut', 'negative')]",handuk bersih sekali .,"[('handuk', 'bersih sekali', 'positive')]",[S] negative,[S] negative,True
935,wifi kurang kencang .,"[('wifi', 'kurang kencang', 'negative')]",ekosistem kurang kencang .,"[('ekosistem', 'kurang kencang', 'negative')]",wifi lambat .,"[('wifi', 'lambat', 'negative')]",wifi sangat lambat .,"[('wifi', 'sangat lambat', 'positive')]",[S] negative,[S] negative,True
940,keran kamar mandinya karatan .,"[('keran kamar mandinya', 'karatan', 'negative')]",plastik karatan .,"[('plastik', 'karatan', 'negative')]",keran kamar mandinya berkarat .,"[('keran kamar mandinya', 'berkarat', 'negative')]",keran kamar mandinya kinclong .,"[('keran kamar mandinya', 'kinclong', 'positive')]",[S] negative,[S] negative,True
969,"biasa saja , lokasi bagus dekat bandara dan mudah cari tempat makan .","[('lokasi', 'bagus', 'positive')]","biasa saja , komplikasi bagus dekat bandara dan mudah cari tempat makan .","[('komplikasi', 'bagus', 'positive')]","biasa saja , lokasi menarik dekat bandara dan mudah cari tempat makan .","[('lokasi', 'menarik', 'positive')]","biasa saja , lokasi buruk jauh dari bandara dan susah cari tempat makan .","[('lokasi', 'buruk', 'negative')]",[S] positive,[S] positive,True
988,gambar kamarnya kurang sesuai dengan keadaan yang sesungguhnya . tolong di update dulu gambar kamarnya .,"[('kamarnya', 'kurang sesuai', 'negative')]",gambar pertanian kurang sesuai dengan keadaan yang sesungguhnya . tolong di update dulu gambar kamarnya .,"[('pertanian', 'kurang sesuai', 'negative')]",gambar kamarnya tidak akurat dengan keadaan yang sesungguhnya . tolong di update dulu gambar kamarnya .,"[('kamarnya', 'tidak akurat', 'negative')]",gambar kamarnya sangat sesuai dengan keadaan yang sesungguhnya . update dengan gambar sesungguhnya .,"[('kamarnya', 'sangat sesuai', 'positive')]",[S] negative,[S] negative,True
990,"pelayanan kurang tanggap , .","[('pelayanan', 'kurang tanggap', 'negative')]","atmosfer kurang tanggap , .","[('atmosfer', 'kurang tanggap', 'negative')]","pelayanan lambat , .","[('pelayanan', 'lambat', 'negative')]","pelayanan sangat tanggap , .","[('pelayanan', 'sangat tanggap', 'positive')]",[S] negative,[S] negative,True
991,ranjang tidur yang sudah mulai rusak .,"[('ranjang tidur', 'rusak', 'negative')]",darah yang sudah mulai rusak .,"[('darah', 'rusak', 'negative')]",ranjang tidur yang sudah mulai ringsek .,"[('ranjang tidur', 'ringsek', 'negative')]",ranjang tidur bagus .,"[('ranjang tidur', 'bagus', 'positive')]",[S] negative,[S] negative,True
992,pelayanan yang baik .,"[('pelayanan', 'baik', 'positive')]",kelesuan yang baik .,"[('kelesuan', 'baik', 'positive')]",pelayanan yang bagus .,"[('pelayanan', 'bagus', 'positive')]",pelayanan yang buruk .,"[('pelayanan', 'buruk', 'negative')]",[S] positive,[S] positive,True
