clean,corrupted,correct_label,incorrect_label,correct_idx,incorrect_idx
airnya kurang kencang . [S],airnya lumayan kencang . [S],negative,positive,[[8225]],[[6785]]
kamar nya nyaman dengan nuansa biru . [S],kamar nya rusuh dengan nuansa biru . [S],positive,negative,[[6785]],[[8225]]
air kamar mandinnya asin . [S],air kamar mandinnya bersih . [S],negative,positive,[[8225]],[[6785]]
menjadi pengalaman yang sangat berkesan . [S],menjadi pengalaman yang tak berkesan . [S],positive,negative,[[6785]],[[8225]]
"tempatnya nyaman , selalu happy menginap disini . [S]","tempatnya rusuh , kecewa menginap disini . [S]",positive,negative,[[6785]],[[8225]]
parkir mobil agak susah . [S],parkir mobil cukup mudah . [S],negative,positive,[[8225]],[[6785]]
kasurnya lapuk . [S],kasurnya masih baru . [S],negative,positive,[[8225]],[[6785]]
"memang tidak ada sarapan , . [S]","memang lengkap sarapan , . [S]",negative,positive,[[8225]],[[6785]]
pelayan cepat . [S],pelayan lambat . [S],positive,negative,[[6785]],[[8225]]
tidak ada sabun di dalam kamar . [S],terdapat sabun di dalam kamar . [S],negative,positive,[[8225]],[[6785]]
wifi nya kurang memuaskan : ) . [S],wifi nya cukup memuaskan : ) . [S],negative,positive,[[8225]],[[6785]]
ac nya susah di menyalakan . [S],ac nya mudah dinyalakan . [S],negative,positive,[[8225]],[[6785]]
kamar sempit . [S],kamar luas . [S],negative,positive,[[8225]],[[6785]]
"sudah 3x menginap di sini , selalu jadi langganan . tempat nyaman kok . [S]","sudah 3x menginap di sini , calon langganan . tapi tempat jadi risih . [S]",positive,negative,[[6785]],[[8225]]
pelayanan kurang . [S],pelayanan sangat baik . [S],negative,positive,[[8225]],[[6785]]
pelayanannya yang sngat profesional . [S],pelayanannya yang amatir sekali . [S],positive,negative,[[6785]],[[8225]]
tempat buat istirahat yang sangat nyaman sekali . [S],tempat buat istirahat yang amat sangat berisik . [S],positive,negative,[[6785]],[[8225]]
di lantai 1 kamar yang kami tempati lumayan besar . [S],di lantai 1 kamar yang kami tempati sangat kecil . [S],positive,negative,[[6785]],[[8225]]
hot shower tidak berfungsi . [S],hot shower berfungsi baik . [S],negative,positive,[[8225]],[[6785]]
pelayanan ramah . [S],pelayanan tidak baik . [S],positive,negative,[[6785]],[[8225]]
lokasi strategis dekat stasiun blitar dan alun alun . [S],lokasi tidak ideal dekat stasiun blitar dan alun alun . [S],positive,negative,[[6785]],[[8225]]
kamar nya kotor . [S],kamar nya bersih . [S],negative,positive,[[8225]],[[6785]]
kurang nyaman di kamar mandi . [S],lumayan ok di kamar mandi . [S],negative,positive,[[8225]],[[6785]]
kamar bagus untuk budget standar . [S],kamar jelek untuk budget standar . [S],positive,negative,[[6785]],[[8225]]
"tidak ada kesan sama sekali , terimakasih . [S]","kesan yang tak akan terlupakan , terimakasih . [S]",negative,positive,[[8225]],[[6785]]
seprai nya kurang bersih . [S],seprai nya cukup bersih . [S],negative,positive,[[8225]],[[6785]]
kebersihan seprai harus tetap dijaga iya . tetapi overall semua oke . [S],kebersihan seprai harus tetap dijaga iya . overall semua bermasalah . [S],positive,negative,[[6785]],[[8225]]
kamarnya tidak kedap suara . jadi kamar sebelah berbicara biasa pun bisa terdengar . 2 malam saya mengin . [S],kamarnya sangat kedap suara . jadi kamar sebelah berbicara biasa pun tidak terdengar . 2 malam saya mengin . [S],negative,positive,[[8225]],[[6785]]
pelayanan yang baik . [S],pelayanan yang ok . [S],positive,negative,[[6785]],[[8225]]
"pelayanannya sangat baik , cocok banget buat para traveller yang ingin inap di daerah ciputat . [S]","pelayanannya sangat buruk , tidak cocok buat para traveller yang ingin inap di daerah ciputat . [S]",positive,negative,[[6785]],[[8225]]
tempat enak banget . [S],tempat sangat tidak nyaman . [S],positive,negative,[[6785]],[[8225]]
petugas yang ramah . [S],petugas yang tidak baik . [S],positive,negative,[[6785]],[[8225]]
"pesan 2 kamar cuma dapat sandal 2 pasang , kamar bau . [S]","pesan 2 kamar cuma dapat sandal 2 pasang , kamar harum . [S]",negative,positive,[[8225]],[[6785]]
air tidak jalan . [S],air kencang . [S],negative,positive,[[8225]],[[6785]]
sarapannya ala kadarnya . [S],sarapannya cukup mewah . [S],negative,positive,[[8225]],[[6785]]
"tiga malam menginap di sini . area strategis , tidak begitu jauh dengan bandara dan jembatan ampera . [S]","tiga malam menginap di sini . area tidak strategis , cukup jauh dengan bandara dan jembatan ampera . [S]",positive,negative,[[6785]],[[8225]]
"koridor terkesan kotor , karena banyak terlihat untuk penyimpanan barang barang . suasana tempat jadi te . [S]","koridor terkesan bersih , karena tidak banyak terlihat untuk penyimpanan barang . suasana tempat jadi te . [S]",negative,positive,[[8225]],[[6785]]
"hotelnya di rumah toko , jadi parkir kurang memadai . [S]","hotelnya di rumah toko , parkir sangat luas dan memadai . [S]",negative,positive,[[8225]],[[6785]]
penjaganya ramah . [S],penjaganya judes . [S],positive,negative,[[6785]],[[8225]]
cuma waktu mau check out . respons agak lambat . [S],cuma waktu mau check out . respons lumayan cepat . [S],negative,positive,[[8225]],[[6785]]
kamar cukup nyaman . [S],kamar ngga nyaman . [S],positive,negative,[[6785]],[[8225]]
selimutnya tidak ada beda sama airy yang di jalan mappanyukki ada selimutnya : ( . [S],"selimutnya sangat tebal , beda jauh banget sama airy yang di jalan mappanyukki . [S]",negative,positive,[[8225]],[[6785]]
pelayannya kurang ramah . [S],pelayannya sangat baik hati . [S],negative,positive,[[8225]],[[6785]]
kamarnya kurang bersih . [S],kamarnya agak kotor . [S],negative,positive,[[8225]],[[6785]]
kamar bersih . [S],kamar kotor . [S],positive,negative,[[6785]],[[8225]]
kamar tidak kedap suara . [S],kamar meredam suara . [S],negative,positive,[[8225]],[[6785]]
sarapan yang kurang menarik . [S],sarapan yang cukup menarik . [S],negative,positive,[[8225]],[[6785]]
menu sarapan kurang enak . [S],menu sarapan lumayan enak . [S],negative,positive,[[8225]],[[6785]]
ac kurang dingin . [S],ac lumayan dingin . [S],negative,positive,[[8225]],[[6785]]
kamar mandi terlalu sempit . [S],kamar mandi cukup leluasa . [S],negative,positive,[[8225]],[[6785]]
parkiran luas . [S],parkiran sempit . [S],positive,negative,[[6785]],[[8225]]
tempat nya nyaman . [S],tempat nya rusuh . [S],positive,negative,[[6785]],[[8225]]
kamar mandi kotor . [S],kamar mandi bersih . [S],negative,positive,[[8225]],[[6785]]
suasana nya nyaman serta akses kemana mana dekat . [S],suasana nya bising dan akses kemana mana dekat . [S],positive,negative,[[6785]],[[8225]]
kebersihan kamar tolong diperhatikan . [S],kebersihan kamar sangat amat diperhatikan . [S],negative,positive,[[8225]],[[6785]]
menu sarapannya enak . [S],menu sarapannya hambar . [S],positive,negative,[[6785]],[[8225]]
ac nya kurang dingin . [S],ac nya mayan dingin . [S],negative,positive,[[8225]],[[6785]]
sarapannya enak . [S],sarapannya buruk . [S],positive,negative,[[6785]],[[8225]]
agak kotor di kamar yang lantai 2 . [S],agak bersih di kamar yang lantai 2 . [S],negative,positive,[[8225]],[[6785]]
ac di kamar nomor 10 tidak dingin . [S],ac di kamar nomor 10 sangat dingin . [S],negative,positive,[[8225]],[[6785]]
"kondisi kamar sudah baik , akan tetapi kalau ditingkatkan dengan adanya pengharum kamar mandi akan lebih baik lagi . [S]","kondisi kamar memprihatinkan , kalau ditingkatkan dengan adanya pengharum kamar mandi akan lebih baik lagi . [S]",positive,negative,[[6785]],[[8225]]
air panas tidak berfungsi . [S],air panas berfungsi normal . [S],negative,positive,[[8225]],[[6785]]
menu sarapan bervariasi . [S],menu sarapan tidak beragam . [S],positive,negative,[[6785]],[[8225]]
kebersihan perlu ditingkatkan . [S],kebersihan sudah sesuai dengan standar . [S],negative,positive,[[8225]],[[6785]]
bangunan lama agak seram . [S],bangunan lama tapi masih bagus . [S],negative,positive,[[8225]],[[6785]]
air panasnya tidak stabil . [S],air panasnya sudah stabil . [S],negative,positive,[[8225]],[[6785]]
pelayanannya sangat bagus . [S],pelayanannya sangat buruk . [S],positive,negative,[[6785]],[[8225]]
waktu saya menginap disini saya dapat kamar yang besar sekali . [S],waktu saya menginap disini saya dapat kamar yang sangat kecil . [S],positive,negative,[[6785]],[[8225]]
snack yang disediakan juga lumayan banyak . [S],snack yang disediakan sedikit sekali . [S],positive,negative,[[6785]],[[8225]]
tempatnya di tengah kota dan sangat tenang . [S],tempatnya di tengah kota dan sangat ramai . [S],positive,negative,[[6785]],[[8225]]
sarapannya kurang enak . [S],sarapannya sangat lezat . [S],negative,positive,[[8225]],[[6785]]
wifi tidak tertangkap . [S],wifi lancar sekali . [S],negative,positive,[[8225]],[[6785]]
"tempatnya nyaman , insya allah kalau ke cirebon akan mampir lagi . [S]","tempatnya kurang nyaman , kalau ke cirebon ngga akan mampir lagi . [S]",positive,negative,[[6785]],[[8225]]
ac nya panas . [S],ac nya dingin . [S],negative,positive,[[8225]],[[6785]]
wifi nya tidak aktif . [S],wifi nya berfungsi . [S],negative,positive,[[8225]],[[6785]]
air showernya kecil . [S],air showernya deras . [S],negative,positive,[[8225]],[[6785]]
over all baik tetapi kalau bisa kolong tempat tidur juga dibersihkan iya karena terdapat pampers bayi bekas . [S],"over all mengecewakan , kolong tempat tidur juga dibersihkan iya karena terdapat pampers bayi bekas . [S]",positive,negative,[[6785]],[[8225]]
"ada deposit 100 rb . check in cepat . lokasi dekat sama tempat makan , minimarket , mall . [S]","ada deposit 100 rb . check in lambat . lokasi dekat sama tempat makan , minimarket , mall . [S]",positive,negative,[[6785]],[[8225]]
internetnya lambat . [S],internetnya cepat . [S],negative,positive,[[8225]],[[6785]]
fasilitasnya bagus . terima kasih airy . [S],fasilitasnya buruk . terima kasih airy . [S],positive,negative,[[6785]],[[8225]]
kenyamanan kurang . suara orang sebelah kamar terdengar jelas . [S],kenyamanan memuaskan . suara orang sebelah kamar tidak terdengar . [S],negative,positive,[[8225]],[[6785]]
lokasi hotel strategis . [S],lokasi hotel tidak ideal. [S],positive,negative,[[6785]],[[8225]]
"kamar mandi kotor , hotel sering buat kegiatan anehaneh . [S]","kamar mandi sangat bersih , hotel sering buat kegiatan yang umum . [S]",negative,positive,[[8225]],[[6785]]
hotelnya nyaman serasa bintang 3 . [S],hotelnya jelek serasa bintang 3 . [S],positive,negative,[[6785]],[[8225]]
resepsionis sangat tidak ramah . jatah cek in jam 2 siang tetapi katanya baru bisa masuk jam 3 sore . [S],resepsionis tetap ramah walaupun cek in jam 2 siang tetapi katanya baru bisa masuk jam 3 sore . [S],negative,positive,[[8225]],[[6785]]
tempat nya asri . didpnnya ada masjid bagus . [S],tempat nya jelek . didpnnya ada masjid bagus . [S],positive,negative,[[6785]],[[8225]]
kamar mandi kotor sungguh . [S],kamar mandi bersih sungguh . [S],negative,positive,[[8225]],[[6785]]
pelayanannya lambat . [S],pelayanannya cepat . [S],negative,positive,[[8225]],[[6785]]
handuk banyak rambutnya . [S],handuk sangat bersih sekali . [S],negative,positive,[[8225]],[[6785]]
wifi kurang kencang . [S],wifi cukup kencang . [S],negative,positive,[[8225]],[[6785]]
keran kamar mandinya karatan . [S],keran kamar mandinya bersih . [S],negative,positive,[[8225]],[[6785]]
"biasa saja , lokasi bagus dekat bandara dan mudah cari tempat makan . [S]","biasa saja , lokasi jauh dari bandara dan susah cari tempat makan . [S]",positive,negative,[[6785]],[[8225]]
gambar kamarnya kurang sesuai dengan keadaan yang sesungguhnya . tolong di update dulu gambar kamarnya . [S],gambar kamarnya lumayan sesuai dengan keadaan yang sesungguhnya . up to date dengan gambar sesungguhnya . [S],negative,positive,[[8225]],[[6785]]
"pelayanan kurang tanggap , . [S]","pelayanan cukup tanggap , . [S]",negative,positive,[[8225]],[[6785]]
ranjang tidur yang sudah mulai rusak . [S],ranjang tidur yang sudah mulai pulih . [S],negative,positive,[[8225]],[[6785]]
