parent_node,child_node,child_type
input,a0.h0,q
input,a0.h0,k
input,a0.h0,v
input,a0.h1,q
input,a0.h1,v
input,a0.h2,q
input,a0.h2,k
input,a0.h3,q
input,a0.h3,k
input,a0.h3,v
input,a0.h4,q
input,a0.h4,k
input,a0.h4,v
input,a0.h5,q
input,a0.h5,k
input,a0.h6,q
input,a0.h6,k
input,a0.h6,v
input,a0.h7,q
input,a0.h7,k
input,a0.h7,v
input,a0.h8,q
input,a0.h8,k
input,a0.h8,v
input,a0.h9,q
input,a0.h9,k
input,a0.h9,v
input,a0.h10,q
input,a0.h10,k
input,a0.h10,v
input,a0.h11,q
input,a0.h11,k
input,a0.h11,v
input,a0.h12,q
input,a0.h12,k
input,a0.h12,v
input,a0.h13,q
input,a0.h13,k
input,a0.h13,v
input,m0,
a0.h0,m0,
a0.h1,m0,
a0.h2,m0,
a0.h3,m0,
a0.h4,m0,
a0.h5,m0,
a0.h6,m0,
a0.h7,m0,
a0.h8,m0,
a0.h9,m0,
a0.h10,m0,
a0.h11,m0,
a0.h12,m0,
a0.h13,m0,
a0.h3,a1.h3,q
a0.h3,a1.h3,k
a0.h3,a1.h6,k
a0.h3,a1.h6,v
a0.h3,a1.h10,v
m0,a1.h0,q
m0,a1.h0,v
m0,a1.h1,q
m0,a1.h1,k
m0,a1.h1,v
m0,a1.h2,v
m0,a1.h3,q
m0,a1.h3,k
m0,a1.h3,v
m0,a1.h4,v
m0,a1.h5,q
m0,a1.h5,k
m0,a1.h5,v
m0,a1.h6,q
m0,a1.h6,v
m0,a1.h7,q
m0,a1.h7,k
m0,a1.h7,v
m0,a1.h8,q
m0,a1.h8,v
m0,a1.h9,q
m0,a1.h9,k
m0,a1.h9,v
m0,a1.h10,q
m0,a1.h10,k
m0,a1.h10,v
m0,a1.h11,q
m0,a1.h11,v
m0,a1.h12,q
m0,a1.h12,k
m0,a1.h12,v
m0,a1.h13,q
m0,a1.h13,k
m0,a1.h13,v
input,m1,
a0.h0,m1,
a0.h1,m1,
a0.h4,m1,
a0.h5,m1,
a0.h6,m1,
a0.h7,m1,
a0.h8,m1,
a0.h9,m1,
m0,m1,
a1.h0,m1,
a1.h1,m1,
a1.h2,m1,
a1.h3,m1,
a1.h4,m1,
a1.h5,m1,
a1.h6,m1,
a1.h7,m1,
a1.h8,m1,
a1.h9,m1,
a1.h10,m1,
a1.h11,m1,
a1.h12,m1,
a1.h13,m1,
input,a2.h12,v
a0.h1,a2.h12,v
a0.h5,a2.h12,v
a0.h11,a2.h12,v
m0,a2.h0,k
m0,a2.h0,v
m0,a2.h1,v
m0,a2.h2,q
m0,a2.h2,k
m0,a2.h2,v
m0,a2.h3,q
m0,a2.h3,v
m0,a2.h4,q
m0,a2.h4,k
m0,a2.h4,v
m0,a2.h5,q
m0,a2.h5,k
m0,a2.h5,v
m0,a2.h6,q
m0,a2.h6,k
m0,a2.h6,v
m0,a2.h7,q
m0,a2.h7,k
m0,a2.h7,v
m0,a2.h8,q
m0,a2.h8,k
m0,a2.h8,v
m0,a2.h9,q
m0,a2.h9,k
m0,a2.h9,v
m0,a2.h10,q
m0,a2.h10,k
m0,a2.h10,v
m0,a2.h11,k
m0,a2.h11,v
m0,a2.h12,q
m0,a2.h12,v
m0,a2.h13,q
m0,a2.h13,k
m0,a2.h13,v
a1.h0,a2.h5,v
a1.h0,a2.h12,v
a1.h1,a2.h5,v
a1.h2,a2.h5,v
a1.h4,a2.h5,v
a1.h5,a2.h1,v
a1.h5,a2.h2,v
a1.h5,a2.h4,v
a1.h5,a2.h5,v
a1.h6,a2.h5,v
a1.h7,a2.h2,v
a1.h7,a2.h5,v
a1.h9,a2.h5,v
a1.h9,a2.h8,k
a1.h11,a2.h5,v
a1.h12,a2.h5,v
m1,a2.h0,k
m1,a2.h0,v
m1,a2.h1,v
m1,a2.h2,q
m1,a2.h2,k
m1,a2.h2,v
m1,a2.h3,q
m1,a2.h3,k
m1,a2.h3,v
m1,a2.h4,q
m1,a2.h4,k
m1,a2.h4,v
m1,a2.h5,q
m1,a2.h5,k
m1,a2.h5,v
m1,a2.h6,k
m1,a2.h6,v
m1,a2.h7,q
m1,a2.h7,k
m1,a2.h7,v
m1,a2.h8,k
m1,a2.h8,v
m1,a2.h9,q
m1,a2.h9,k
m1,a2.h9,v
m1,a2.h10,q
m1,a2.h11,q
m1,a2.h11,v
m1,a2.h12,q
m1,a2.h12,v
m1,a2.h13,q
m1,a2.h13,v
input,m2,
a0.h1,m2,
a0.h2,m2,
a0.h3,m2,
a0.h4,m2,
a0.h8,m2,
a0.h10,m2,
a0.h11,m2,
a0.h13,m2,
m0,m2,
a1.h0,m2,
a1.h1,m2,
a1.h2,m2,
a1.h3,m2,
a1.h4,m2,
a1.h5,m2,
a1.h6,m2,
a1.h7,m2,
a1.h8,m2,
a1.h9,m2,
a1.h10,m2,
a1.h11,m2,
a1.h12,m2,
a1.h13,m2,
m1,m2,
a2.h0,m2,
a2.h1,m2,
a2.h2,m2,
a2.h3,m2,
a2.h4,m2,
a2.h5,m2,
a2.h6,m2,
a2.h7,m2,
a2.h8,m2,
a2.h9,m2,
a2.h11,m2,
a2.h12,m2,
a2.h13,m2,
m0,a3.h0,k
m0,a3.h0,v
m0,a3.h1,q
m0,a3.h3,q
m0,a3.h4,k
m0,a3.h4,v
m0,a3.h5,q
m0,a3.h5,k
m0,a3.h5,v
m0,a3.h7,q
m0,a3.h7,k
m0,a3.h7,v
m0,a3.h8,q
m0,a3.h8,v
m0,a3.h9,q
m0,a3.h10,q
m0,a3.h10,k
m0,a3.h10,v
m0,a3.h11,q
m0,a3.h11,k
m0,a3.h11,v
m0,a3.h12,q
m0,a3.h12,v
m0,a3.h13,q
m0,a3.h13,v
a1.h0,a3.h11,v
a1.h1,a3.h11,v
a1.h4,a3.h8,v
a1.h4,a3.h11,v
m1,a3.h1,q
m1,a3.h1,v
m1,a3.h3,v
m1,a3.h4,k
m1,a3.h4,v
m1,a3.h5,q
m1,a3.h7,q
m1,a3.h7,v
m1,a3.h8,k
m1,a3.h8,v
m1,a3.h9,v
m1,a3.h10,q
m1,a3.h10,k
m1,a3.h10,v
m1,a3.h11,q
m1,a3.h11,k
m1,a3.h11,v
m1,a3.h12,k
m1,a3.h13,v
a2.h9,a3.h7,v
a2.h12,a3.h8,v
m2,a3.h0,k
m2,a3.h0,v
m2,a3.h1,v
m2,a3.h3,v
m2,a3.h5,k
m2,a3.h5,v
m2,a3.h7,q
m2,a3.h7,v
m2,a3.h8,v
m2,a3.h9,q
m2,a3.h10,q
m2,a3.h10,k
m2,a3.h10,v
m2,a3.h11,q
m2,a3.h11,k
m2,a3.h11,v
m2,a3.h12,q
m2,a3.h13,q
m2,a3.h13,k
m2,a3.h13,v
input,m3,
a0.h4,m3,
a0.h11,m3,
m0,m3,
a1.h0,m3,
a1.h3,m3,
a1.h4,m3,
a1.h5,m3,
a1.h6,m3,
a1.h10,m3,
a1.h12,m3,
m1,m3,
a2.h0,m3,
a2.h3,m3,
a2.h4,m3,
a2.h5,m3,
a2.h7,m3,
a2.h8,m3,
a2.h9,m3,
a2.h11,m3,
a2.h12,m3,
a2.h13,m3,
m2,m3,
a3.h0,m3,
a3.h1,m3,
a3.h3,m3,
a3.h7,m3,
a3.h8,m3,
a3.h9,m3,
a3.h10,m3,
a3.h11,m3,
m0,a4.h0,k
m0,a4.h0,v
m0,a4.h2,v
m0,a4.h4,v
m0,a4.h5,q
m0,a4.h5,k
m0,a4.h5,v
m0,a4.h6,q
m0,a4.h6,k
m0,a4.h7,q
m0,a4.h7,k
m0,a4.h7,v
m0,a4.h10,k
m0,a4.h10,v
m0,a4.h11,q
m0,a4.h12,v
m0,a4.h13,k
m0,a4.h13,v
m1,a4.h2,v
m1,a4.h5,v
m1,a4.h7,v
m1,a4.h8,v
m1,a4.h10,v
m1,a4.h12,v
a2.h8,a4.h12,v
m2,a4.h0,q
m2,a4.h2,v
m2,a4.h3,v
m2,a4.h4,v
m2,a4.h5,v
m2,a4.h6,k
m2,a4.h6,v
m2,a4.h7,q
m2,a4.h10,q
m2,a4.h10,v
m2,a4.h11,v
m2,a4.h12,v
m2,a4.h13,v
a3.h8,a4.h10,v
a3.h8,a4.h12,v
a3.h10,a4.h10,v
a3.h10,a4.h12,v
a3.h11,a4.h10,v
m3,a4.h0,q
m3,a4.h0,k
m3,a4.h2,v
m3,a4.h3,k
m3,a4.h3,v
m3,a4.h4,k
m3,a4.h4,v
m3,a4.h5,k
m3,a4.h6,q
m3,a4.h6,v
m3,a4.h7,q
m3,a4.h7,k
m3,a4.h7,v
m3,a4.h8,k
m3,a4.h10,q
m3,a4.h10,k
m3,a4.h10,v
m3,a4.h11,k
m3,a4.h11,v
m3,a4.h12,k
m3,a4.h12,v
m3,a4.h13,q
m3,a4.h13,k
m0,m4,
a1.h0,m4,
a1.h4,m4,
a1.h9,m4,
a1.h10,m4,
a1.h11,m4,
a1.h12,m4,
m1,m4,
a2.h2,m4,
a2.h3,m4,
a2.h6,m4,
a2.h7,m4,
a2.h8,m4,
a2.h9,m4,
a2.h11,m4,
a2.h12,m4,
a2.h13,m4,
m2,m4,
a3.h0,m4,
a3.h1,m4,
a3.h5,m4,
a3.h7,m4,
a3.h8,m4,
a3.h10,m4,
a3.h11,m4,
a3.h12,m4,
m3,m4,
a4.h2,m4,
a4.h3,m4,
a4.h5,m4,
a4.h10,m4,
a4.h12,m4,
a4.h13,m4,
m0,a5.h0,k
m0,a5.h1,v
m0,a5.h2,q
m0,a5.h2,k
m0,a5.h3,q
m0,a5.h4,k
m0,a5.h4,v
m0,a5.h5,v
m0,a5.h6,k
m0,a5.h6,v
m0,a5.h8,k
m0,a5.h9,q
m0,a5.h9,v
m0,a5.h11,q
m0,a5.h11,k
m0,a5.h11,v
m0,a5.h12,v
a1.h5,a5.h11,v
m1,a5.h0,v
m1,a5.h1,k
m1,a5.h1,v
m1,a5.h4,q
m1,a5.h4,k
m1,a5.h6,q
m1,a5.h6,k
m1,a5.h11,v
m1,a5.h12,v
m2,a5.h2,k
m2,a5.h4,k
m2,a5.h5,k
m2,a5.h6,q
m2,a5.h6,v
m2,a5.h11,v
m2,a5.h12,k
m2,a5.h12,v
a3.h10,a5.h6,v
m3,a5.h1,v
m3,a5.h3,k
m3,a5.h4,v
m3,a5.h5,k
m3,a5.h6,q
m3,a5.h6,k
m3,a5.h8,q
m3,a5.h8,k
m3,a5.h9,q
m3,a5.h9,v
m3,a5.h10,q
m3,a5.h11,q
m3,a5.h11,v
m3,a5.h12,q
m3,a5.h12,k
m3,a5.h12,v
a4.h10,a5.h11,v
a4.h12,a5.h9,v
a4.h12,a5.h10,v
a4.h12,a5.h11,v
a4.h12,a5.h12,v
a4.h13,a5.h11,v
m4,a5.h1,v
m4,a5.h4,v
m4,a5.h6,v
m4,a5.h8,v
m4,a5.h9,v
m4,a5.h10,v
m4,a5.h11,v
m4,a5.h12,k
m4,a5.h12,v
a0.h4,m5,
m0,m5,
a1.h0,m5,
a1.h1,m5,
a1.h4,m5,
a1.h5,m5,
a1.h6,m5,
a1.h9,m5,
a1.h11,m5,
m1,m5,
a2.h0,m5,
a2.h1,m5,
a2.h8,m5,
a2.h9,m5,
a2.h11,m5,
a2.h12,m5,
a2.h13,m5,
m2,m5,
a3.h8,m5,
a3.h10,m5,
a3.h11,m5,
m3,m5,
a4.h2,m5,
a4.h8,m5,
a4.h12,m5,
a4.h13,m5,
m4,m5,
a5.h0,m5,
a5.h1,m5,
a5.h2,m5,
a5.h6,m5,
a5.h8,m5,
a5.h9,m5,
a5.h10,m5,
a5.h12,m5,
m0,a6.h1,q
m0,a6.h4,v
m0,a6.h7,q
m0,a6.h7,v
m0,a6.h8,v
m0,a6.h9,k
m0,a6.h9,v
m0,a6.h10,k
m0,a6.h11,q
m0,a6.h11,v
m0,a6.h12,q
m0,a6.h12,k
m0,a6.h12,v
m0,a6.h13,q
m0,a6.h13,v
m1,a6.h3,q
m1,a6.h7,k
m1,a6.h7,v
m1,a6.h8,k
m1,a6.h9,q
m1,a6.h9,k
m1,a6.h9,v
m1,a6.h11,v
m1,a6.h12,q
m1,a6.h12,k
m1,a6.h12,v
m1,a6.h13,k
m2,a6.h1,v
m2,a6.h3,k
m2,a6.h3,v
m2,a6.h4,v
m2,a6.h7,k
m2,a6.h7,v
m2,a6.h8,q
m2,a6.h8,k
m2,a6.h8,v
m2,a6.h9,q
m2,a6.h9,v
m2,a6.h10,q
m2,a6.h10,v
m2,a6.h11,k
m2,a6.h11,v
m2,a6.h12,k
m2,a6.h12,v
m2,a6.h13,k
m2,a6.h13,v
a3.h8,a6.h12,v
m3,a6.h1,v
m3,a6.h3,k
m3,a6.h3,v
m3,a6.h4,v
m3,a6.h7,q
m3,a6.h7,k
m3,a6.h7,v
m3,a6.h8,q
m3,a6.h8,k
m3,a6.h8,v
m3,a6.h9,k
m3,a6.h9,v
m3,a6.h10,q
m3,a6.h10,v
m3,a6.h11,k
m3,a6.h11,v
m3,a6.h12,k
m3,a6.h12,v
m3,a6.h13,k
m3,a6.h13,v
a4.h10,a6.h9,v
a4.h10,a6.h12,v
a4.h12,a6.h9,v
a4.h12,a6.h12,v
m4,a6.h4,v
m4,a6.h9,v
m4,a6.h10,v
m4,a6.h12,k
m4,a6.h12,v
m4,a6.h13,v
a5.h6,a6.h9,v
a5.h6,a6.h12,v
a5.h9,a6.h12,v
a5.h10,a6.h12,v
a5.h11,a6.h11,v
a5.h11,a6.h12,v
m5,a6.h8,v
m5,a6.h9,q
m5,a6.h9,v
m5,a6.h10,v
m5,a6.h12,v
a0.h1,m6,
a0.h4,m6,
a0.h11,m6,
m0,m6,
a1.h0,m6,
a1.h1,m6,
a1.h2,m6,
a1.h4,m6,
a1.h7,m6,
m1,m6,
a2.h0,m6,
a2.h1,m6,
a2.h4,m6,
a2.h5,m6,
a2.h6,m6,
a2.h8,m6,
a2.h9,m6,
a2.h10,m6,
a2.h11,m6,
a2.h12,m6,
a2.h13,m6,
m2,m6,
a3.h8,m6,
a3.h9,m6,
a3.h10,m6,
a3.h11,m6,
m3,m6,
a4.h2,m6,
a4.h4,m6,
a4.h5,m6,
a4.h6,m6,
a4.h7,m6,
a4.h10,m6,
a4.h12,m6,
m4,m6,
a5.h1,m6,
a5.h5,m6,
a5.h6,m6,
a5.h9,m6,
a5.h10,m6,
a5.h11,m6,
a5.h12,m6,
m5,m6,
a6.h8,m6,
a6.h9,m6,
a6.h11,m6,
a6.h12,m6,
m0,a7.h0,q
m0,a7.h0,k
m0,a7.h3,q
m0,a7.h3,k
m0,a7.h3,v
m0,a7.h4,q
m0,a7.h4,v
m0,a7.h5,v
m0,a7.h6,v
m0,a7.h7,q
m0,a7.h8,q
m0,a7.h8,k
m0,a7.h8,v
m0,a7.h9,q
m0,a7.h9,v
m0,a7.h10,k
m0,a7.h10,v
m0,a7.h12,k
m0,a7.h13,q
m0,a7.h13,v
m1,a7.h0,k
m1,a7.h0,v
m1,a7.h2,k
m1,a7.h3,v
m1,a7.h4,v
m1,a7.h6,v
m1,a7.h9,q
m1,a7.h9,k
m1,a7.h9,v
m1,a7.h10,v
m1,a7.h12,q
m1,a7.h13,q
m1,a7.h13,k
m1,a7.h13,v
a2.h12,a7.h10,v
m2,a7.h0,k
m2,a7.h1,k
m2,a7.h2,q
m2,a7.h2,k
m2,a7.h4,q
m2,a7.h4,k
m2,a7.h4,v
m2,a7.h5,q
m2,a7.h5,k
m2,a7.h9,v
m2,a7.h10,v
m2,a7.h12,q
m2,a7.h12,v
m2,a7.h13,q
m2,a7.h13,k
m2,a7.h13,v
m3,a7.h0,k
m3,a7.h0,v
m3,a7.h1,q
m3,a7.h1,k
m3,a7.h2,k
m3,a7.h2,v
m3,a7.h3,k
m3,a7.h3,v
m3,a7.h4,q
m3,a7.h4,k
m3,a7.h4,v
m3,a7.h5,k
m3,a7.h6,q
m3,a7.h6,k
m3,a7.h6,v
m3,a7.h7,k
m3,a7.h8,v
m3,a7.h9,k
m3,a7.h9,v
m3,a7.h10,v
m3,a7.h12,k
m3,a7.h12,v
m3,a7.h13,k
m3,a7.h13,v
m4,a7.h0,v
m4,a7.h3,v
m4,a7.h4,v
m4,a7.h6,v
m4,a7.h8,k
m4,a7.h8,v
m4,a7.h9,q
m4,a7.h9,v
m4,a7.h10,v
m4,a7.h13,v
m5,a7.h3,v
m5,a7.h4,k
m5,a7.h4,v
m5,a7.h6,v
m5,a7.h8,v
m5,a7.h9,v
m5,a7.h10,v
m5,a7.h13,q
m5,a7.h13,v
a6.h9,a7.h4,q
m6,a7.h3,v
m6,a7.h4,q
m6,a7.h4,v
m6,a7.h6,q
m6,a7.h6,v
m6,a7.h7,q
m6,a7.h7,k
m6,a7.h7,v
m6,a7.h8,q
m6,a7.h8,v
m6,a7.h9,q
m6,a7.h9,v
m6,a7.h10,v
m6,a7.h13,q
m6,a7.h13,v
a0.h4,m7,
m0,m7,
a1.h6,m7,
a1.h8,m7,
m1,m7,
a2.h1,m7,
a2.h4,m7,
a2.h6,m7,
a2.h8,m7,
a2.h9,m7,
a2.h11,m7,
a2.h12,m7,
a2.h13,m7,
m2,m7,
a3.h0,m7,
a3.h8,m7,
a3.h10,m7,
a3.h11,m7,
a3.h12,m7,
m3,m7,
a4.h7,m7,
m4,m7,
a5.h1,m7,
a5.h4,m7,
a5.h6,m7,
a5.h9,m7,
a5.h10,m7,
a5.h11,m7,
m5,m7,
a6.h1,m7,
a6.h8,m7,
a6.h9,m7,
a6.h10,m7,
a6.h13,m7,
m6,m7,
a7.h2,m7,
a7.h3,m7,
a7.h4,m7,
a7.h6,m7,
a7.h7,m7,
a7.h8,m7,
a7.h9,m7,
a7.h10,m7,
a7.h12,m7,
a7.h13,m7,
m0,a8.h0,v
m0,a8.h2,v
m0,a8.h3,v
m0,a8.h4,k
m0,a8.h5,v
m0,a8.h6,k
m0,a8.h6,v
m0,a8.h7,v
m0,a8.h8,k
m0,a8.h8,v
m0,a8.h9,v
m0,a8.h11,v
m0,a8.h12,q
m0,a8.h12,k
m0,a8.h12,v
m0,a8.h13,q
m0,a8.h13,v
m1,a8.h2,v
m1,a8.h4,k
m1,a8.h4,v
m1,a8.h5,v
m1,a8.h6,v
m1,a8.h7,v
m1,a8.h8,k
m1,a8.h8,v
m1,a8.h9,q
m1,a8.h10,k
m1,a8.h11,k
m1,a8.h12,v
a2.h12,a8.h7,v
a2.h12,a8.h8,v
m2,a8.h0,q
m2,a8.h0,k
m2,a8.h0,v
m2,a8.h2,v
m2,a8.h3,v
m2,a8.h4,k
m2,a8.h4,v
m2,a8.h5,k
m2,a8.h5,v
m2,a8.h7,k
m2,a8.h7,v
m2,a8.h8,q
m2,a8.h8,k
m2,a8.h9,k
m2,a8.h10,k
m2,a8.h11,k
m2,a8.h11,v
m2,a8.h12,k
m2,a8.h12,v
m3,a8.h0,q
m3,a8.h0,k
m3,a8.h0,v
m3,a8.h2,v
m3,a8.h3,v
m3,a8.h4,k
m3,a8.h5,k
m3,a8.h5,v
m3,a8.h6,k
m3,a8.h6,v
m3,a8.h7,q
m3,a8.h7,k
m3,a8.h7,v
m3,a8.h8,q
m3,a8.h8,k
m3,a8.h8,v
m3,a8.h9,k
m3,a8.h10,k
m3,a8.h10,v
m3,a8.h11,q
m3,a8.h11,k
m3,a8.h11,v
m3,a8.h12,q
m3,a8.h12,k
m3,a8.h12,v
m3,a8.h13,k
m3,a8.h13,v
m4,a8.h0,v
m4,a8.h2,v
m4,a8.h5,v
m4,a8.h6,v
m4,a8.h7,v
m4,a8.h8,v
m4,a8.h12,k
m5,a8.h2,v
m5,a8.h3,v
m5,a8.h7,v
m5,a8.h8,v
a6.h9,a8.h2,v
m6,a8.h0,v
m6,a8.h5,v
m6,a8.h7,v
m6,a8.h8,v
m6,a8.h11,k
m6,a8.h11,v
m6,a8.h13,q
a7.h3,a8.h7,v
a7.h4,a8.h3,v
m7,a8.h0,v
m7,a8.h2,v
m7,a8.h3,v
m7,a8.h5,v
m7,a8.h6,v
m7,a8.h7,v
m7,a8.h8,v
m7,a8.h11,v
m7,a8.h12,v
m0,m8,
a1.h6,m8,
a1.h7,m8,
a1.h11,m8,
a1.h13,m8,
m1,m8,
a2.h0,m8,
a2.h1,m8,
a2.h4,m8,
a2.h11,m8,
a2.h12,m8,
a2.h13,m8,
m2,m8,
a3.h1,m8,
a3.h11,m8,
a3.h12,m8,
m3,m8,
a4.h5,m8,
a4.h13,m8,
m4,m8,
a5.h4,m8,
m5,m8,
a6.h4,m8,
a6.h9,m8,
m6,m8,
a7.h0,m8,
a7.h4,m8,
a7.h7,m8,
a7.h8,m8,
a7.h9,m8,
a7.h12,m8,
m7,m8,
a8.h3,m8,
a8.h5,m8,
a8.h6,m8,
a8.h7,m8,
a8.h10,m8,
a8.h11,m8,
a8.h12,m8,
m0,a9.h0,v
m0,a9.h1,v
m0,a9.h2,q
m0,a9.h2,v
m0,a9.h3,v
m0,a9.h8,q
m0,a9.h8,v
m0,a9.h9,q
m0,a9.h9,k
m0,a9.h9,v
m0,a9.h10,q
m0,a9.h10,v
m0,a9.h11,q
m0,a9.h11,k
m0,a9.h11,v
m0,a9.h13,q
m0,a9.h13,k
m0,a9.h13,v
m1,a9.h0,v
m1,a9.h2,v
m1,a9.h11,k
m1,a9.h12,k
m2,a9.h0,k
m2,a9.h0,v
m2,a9.h2,q
m2,a9.h2,v
m2,a9.h3,k
m2,a9.h3,v
m2,a9.h5,k
m2,a9.h11,k
m2,a9.h11,v
m2,a9.h12,k
m2,a9.h13,k
m3,a9.h0,q
m3,a9.h0,k
m3,a9.h1,k
m3,a9.h1,v
m3,a9.h2,k
m3,a9.h2,v
m3,a9.h3,k
m3,a9.h3,v
m3,a9.h5,k
m3,a9.h5,v
m3,a9.h8,k
m3,a9.h8,v
m3,a9.h9,v
m3,a9.h10,k
m3,a9.h11,q
m3,a9.h11,k
m3,a9.h11,v
m3,a9.h12,k
m3,a9.h12,v
m3,a9.h13,k
m3,a9.h13,v
m4,a9.h2,v
m4,a9.h8,q
m4,a9.h11,k
m5,a9.h2,v
m5,a9.h5,v
m5,a9.h8,q
m5,a9.h8,k
m5,a9.h13,k
m6,a9.h2,v
m6,a9.h8,v
m6,a9.h11,q
a7.h9,a9.h1,v
a7.h9,a9.h3,v
m7,a9.h1,v
m7,a9.h2,v
m7,a9.h8,q
m7,a9.h8,v
m7,a9.h9,v
m7,a9.h11,v
m7,a9.h13,v
a8.h3,a9.h8,v
a8.h7,a9.h8,k
a8.h7,a9.h9,k
a8.h7,a9.h9,v
a8.h7,a9.h10,k
a8.h7,a9.h10,v
a8.h7,a9.h11,k
a8.h7,a9.h11,v
a8.h7,a9.h13,k
a8.h7,a9.h13,v
a8.h11,a9.h8,k
a8.h11,a9.h9,k
a8.h11,a9.h10,k
a8.h11,a9.h13,k
m8,a9.h0,v
m8,a9.h1,v
m8,a9.h2,v
m8,a9.h5,v
m8,a9.h8,k
m8,a9.h8,v
m8,a9.h9,v
m8,a9.h10,k
m8,a9.h11,v
m8,a9.h13,v
m0,m9,
a1.h4,m9,
a1.h11,m9,
m1,m9,
a2.h4,m9,
a2.h5,m9,
a2.h8,m9,
a2.h12,m9,
a2.h13,m9,
m2,m9,
a3.h0,m9,
a3.h5,m9,
a3.h10,m9,
m3,m9,
a4.h2,m9,
a4.h5,m9,
a4.h11,m9,
a4.h12,m9,
a4.h13,m9,
m4,m9,
a5.h1,m9,
a5.h4,m9,
a5.h9,m9,
a5.h10,m9,
a5.h11,m9,
a5.h12,m9,
m5,m9,
a6.h9,m9,
a6.h12,m9,
m6,m9,
a7.h3,m9,
a7.h4,m9,
a7.h9,m9,
a7.h12,m9,
a7.h13,m9,
m7,m9,
a8.h3,m9,
a8.h7,m9,
a8.h8,m9,
a8.h9,m9,
a8.h10,m9,
a8.h12,m9,
m8,m9,
a9.h0,m9,
a9.h1,m9,
a9.h3,m9,
a9.h5,m9,
a9.h8,m9,
a9.h11,m9,
a9.h13,m9,
m0,a10.h2,v
m0,a10.h3,v
m0,a10.h4,k
m0,a10.h5,k
m0,a10.h7,v
m0,a10.h8,v
m0,a10.h9,v
m0,a10.h10,v
m0,a10.h11,v
m1,a10.h0,q
m1,a10.h0,v
m1,a10.h1,v
m1,a10.h2,k
m1,a10.h3,v
m1,a10.h11,v
m1,a10.h12,v
m2,a10.h0,k
m2,a10.h0,v
m2,a10.h5,q
m2,a10.h5,k
m2,a10.h6,v
m2,a10.h7,k
m2,a10.h7,v
m2,a10.h9,v
m2,a10.h11,q
m2,a10.h11,v
m2,a10.h12,k
m2,a10.h12,v
m3,a10.h0,k
m3,a10.h1,k
m3,a10.h1,v
m3,a10.h2,k
m3,a10.h2,v
m3,a10.h5,q
m3,a10.h5,k
m3,a10.h5,v
m3,a10.h7,k
m3,a10.h7,v
m3,a10.h8,k
m3,a10.h9,v
m3,a10.h10,k
m3,a10.h11,v
m3,a10.h12,k
m3,a10.h12,v
m3,a10.h13,k
a4.h10,a10.h7,v
m4,a10.h0,q
m4,a10.h3,k
m4,a10.h3,v
m4,a10.h6,v
m4,a10.h12,v
a5.h11,a10.h7,v
a5.h11,a10.h12,v
m5,a10.h12,v
a6.h9,a10.h7,v
a6.h12,a10.h7,v
a6.h12,a10.h12,v
m6,a10.h1,v
m6,a10.h2,v
m6,a10.h4,v
m6,a10.h6,v
m6,a10.h7,v
m6,a10.h12,v
a7.h13,a10.h7,v
m7,a10.h1,v
m7,a10.h4,v
m7,a10.h7,v
m7,a10.h9,v
m7,a10.h11,v
m7,a10.h12,k
m7,a10.h12,v
a8.h10,a10.h7,v
m8,a10.h2,v
m8,a10.h3,v
m8,a10.h7,v
m8,a10.h10,v
m8,a10.h11,v
m8,a10.h12,v
a9.h2,a10.h7,v
a9.h5,a10.h6,v
m9,a10.h2,v
m9,a10.h4,v
m9,a10.h6,v
m9,a10.h7,v
m9,a10.h9,v
m9,a10.h11,v
m9,a10.h12,v
m0,m10,
a1.h2,m10,
a1.h3,m10,
a1.h13,m10,
m1,m10,
a2.h0,m10,
a2.h8,m10,
a2.h11,m10,
a2.h12,m10,
m2,m10,
a3.h7,m10,
m3,m10,
a4.h5,m10,
a4.h12,m10,
a4.h13,m10,
m4,m10,
a5.h4,m10,
m5,m10,
a6.h12,m10,
m6,m10,
a7.h3,m10,
a7.h6,m10,
a7.h7,m10,
a7.h8,m10,
a7.h9,m10,
m7,m10,
a8.h4,m10,
a8.h5,m10,
a8.h6,m10,
a8.h11,m10,
m8,m10,
a9.h3,m10,
m9,m10,
a10.h2,m10,
a10.h3,m10,
a10.h6,m10,
a10.h9,m10,
a10.h12,m10,
m0,a11.h0,q
m0,a11.h2,k
m0,a11.h2,v
m0,a11.h4,q
m0,a11.h6,k
m0,a11.h6,v
m0,a11.h8,v
m0,a11.h9,q
m0,a11.h9,k
m0,a11.h9,v
m0,a11.h10,k
m0,a11.h10,v
m0,a11.h11,q
m0,a11.h11,k
m0,a11.h11,v
m0,a11.h12,q
m0,a11.h12,k
m0,a11.h12,v
m1,a11.h0,v
m1,a11.h8,v
m1,a11.h9,k
m1,a11.h12,k
m2,a11.h1,k
m2,a11.h2,k
m2,a11.h3,k
m2,a11.h4,k
m2,a11.h9,k
m2,a11.h12,q
m2,a11.h12,k
m3,a11.h0,k
m3,a11.h1,k
m3,a11.h2,k
m3,a11.h2,v
m3,a11.h3,k
m3,a11.h3,v
m3,a11.h4,k
m3,a11.h5,k
m3,a11.h6,k
m3,a11.h8,k
m3,a11.h9,k
m3,a11.h9,v
m3,a11.h10,v
m3,a11.h11,k
m3,a11.h12,q
m3,a11.h12,k
m3,a11.h12,v
m4,a11.h1,k
m4,a11.h3,v
m4,a11.h9,v
m4,a11.h11,k
m4,a11.h12,k
m4,a11.h12,v
m5,a11.h3,v
m5,a11.h9,q
m5,a11.h12,k
m6,a11.h1,v
m6,a11.h8,k
m6,a11.h8,v
m6,a11.h9,q
m6,a11.h9,k
m6,a11.h9,v
m6,a11.h11,v
m6,a11.h12,q
m6,a11.h12,v
a7.h9,a11.h2,v
a7.h9,a11.h3,v
m7,a11.h2,v
m7,a11.h8,v
m7,a11.h9,k
m7,a11.h9,v
m7,a11.h11,v
m7,a11.h12,q
m7,a11.h12,k
m7,a11.h12,v
a8.h7,a11.h9,k
a8.h7,a11.h10,k
a8.h7,a11.h11,k
a8.h7,a11.h12,k
a8.h11,a11.h11,k
a8.h11,a11.h12,k
m8,a11.h0,v
m8,a11.h3,v
m8,a11.h9,q
m8,a11.h9,k
m8,a11.h9,v
m8,a11.h10,v
m8,a11.h11,v
m8,a11.h12,v
m9,a11.h0,v
m9,a11.h8,k
m9,a11.h9,k
m9,a11.h9,v
m9,a11.h12,k
m9,a11.h12,v
m10,a11.h1,q
m10,a11.h1,v
m10,a11.h8,v
m0,m11,
a1.h7,m11,
m1,m11,
a2.h12,m11,
m2,m11,
a3.h5,m11,
a3.h8,m11,
m3,m11,
a4.h12,m11,
m4,m11,
a5.h2,m11,
a5.h9,m11,
a5.h10,m11,
m5,m11,
a6.h9,m11,
a6.h10,m11,
m6,m11,
m7,m11,
a8.h0,m11,
a8.h3,m11,
a8.h7,m11,
a8.h10,m11,
m8,m11,
a9.h2,m11,
a9.h5,m11,
a9.h10,m11,
m9,m11,
a10.h3,m11,
a10.h4,m11,
a10.h5,m11,
a10.h6,m11,
a10.h7,m11,
a10.h8,m11,
a10.h9,m11,
m10,m11,
a11.h0,m11,
a11.h3,m11,
a11.h6,m11,
a11.h10,m11,
a11.h12,m11,
m0,a12.h0,v
m0,a12.h1,v
m0,a12.h2,v
m0,a12.h3,v
m0,a12.h6,v
m0,a12.h8,v
m0,a12.h9,v
m0,a12.h11,v
m0,a12.h13,q
m1,a12.h7,v
m1,a12.h8,v
m1,a12.h9,v
m1,a12.h11,k
m1,a12.h12,v
m2,a12.h1,k
m2,a12.h3,k
m2,a12.h5,k
m2,a12.h7,v
m2,a12.h9,v
m2,a12.h10,k
m2,a12.h11,v
m2,a12.h12,v
m2,a12.h13,k
m2,a12.h13,v
m3,a12.h0,v
m3,a12.h1,k
m3,a12.h2,v
m3,a12.h3,k
m3,a12.h5,k
m3,a12.h6,k
m3,a12.h7,k
m3,a12.h7,v
m3,a12.h8,k
m3,a12.h8,v
m3,a12.h9,k
m3,a12.h9,v
m3,a12.h10,k
m3,a12.h10,v
m3,a12.h11,k
m3,a12.h11,v
m3,a12.h12,k
m3,a12.h12,v
m3,a12.h13,k
m3,a12.h13,v
m4,a12.h8,v
m4,a12.h12,q
m4,a12.h13,k
m5,a12.h0,v
m5,a12.h12,v
m5,a12.h13,k
m5,a12.h13,v
m6,a12.h5,v
m6,a12.h7,v
m6,a12.h8,v
m6,a12.h13,k
m6,a12.h13,v
a7.h9,a12.h13,v
a7.h10,a12.h13,v
a7.h13,a12.h13,v
a8.h7,a12.h0,v
a8.h12,a12.h0,v
m8,a12.h0,v
m8,a12.h8,v
m8,a12.h9,v
m8,a12.h10,v
m8,a12.h13,q
m8,a12.h13,v
a9.h2,a12.h13,v
a9.h3,a12.h13,v
m9,a12.h0,v
m9,a12.h2,v
m9,a12.h3,v
m9,a12.h5,v
m9,a12.h6,v
m9,a12.h8,v
m9,a12.h12,v
a10.h4,a12.h13,v
a10.h6,a12.h0,v
a10.h6,a12.h2,v
a10.h7,a12.h13,v
a10.h11,a12.h13,v
a10.h12,a12.h13,v
m10,a12.h2,v
m10,a12.h13,v
a11.h0,a12.h0,v
a11.h12,a12.h0,v
a11.h12,a12.h8,v
m11,a12.h2,v
m11,a12.h3,v
m11,a12.h6,v
m11,a12.h8,v
m0,m12,
a1.h2,m12,
a1.h4,m12,
a1.h7,m12,
m1,m12,
a2.h2,m12,
a2.h7,m12,
a2.h8,m12,
a2.h12,m12,
m2,m12,
a3.h5,m12,
a3.h11,m12,
a3.h13,m12,
m3,m12,
a4.h13,m12,
m4,m12,
a5.h12,m12,
m5,m12,
a6.h9,m12,
a7.h0,m12,
a7.h1,m12,
a7.h4,m12,
a7.h12,m12,
a7.h13,m12,
m7,m12,
a8.h3,m12,
a8.h7,m12,
a8.h8,m12,
a8.h12,m12,
m8,m12,
a9.h3,m12,
m9,m12,
a10.h1,m12,
a10.h4,m12,
a10.h7,m12,
a10.h8,m12,
a11.h0,m12,
a11.h5,m12,
a11.h8,m12,
m11,m12,
a12.h0,m12,
a12.h8,m12,
a12.h9,m12,
a12.h12,m12,
a12.h13,m12,
m0,a13.h1,v
m0,a13.h2,q
m0,a13.h3,v
m0,a13.h4,v
m0,a13.h6,v
m0,a13.h8,q
m0,a13.h8,k
m0,a13.h9,k
m0,a13.h10,v
m0,a13.h12,v
m0,a13.h13,k
m1,a13.h0,v
m1,a13.h3,v
m1,a13.h6,v
m1,a13.h7,v
m1,a13.h11,k
m1,a13.h13,v
m2,a13.h0,v
m2,a13.h1,v
m2,a13.h2,k
m2,a13.h2,v
m2,a13.h5,v
m2,a13.h6,k
m2,a13.h6,v
m2,a13.h7,k
m2,a13.h8,q
m2,a13.h8,v
m2,a13.h10,k
m2,a13.h13,k
m3,a13.h0,k
m3,a13.h1,k
m3,a13.h1,v
m3,a13.h2,k
m3,a13.h2,v
m3,a13.h3,v
m3,a13.h5,v
m3,a13.h6,q
m3,a13.h6,k
m3,a13.h7,k
m3,a13.h7,v
m3,a13.h8,k
m3,a13.h8,v
m3,a13.h9,k
m3,a13.h10,k
m3,a13.h11,k
m3,a13.h12,k
m3,a13.h13,k
m3,a13.h13,v
a4.h13,a13.h6,v
m4,a13.h1,v
m4,a13.h2,v
m4,a13.h3,v
m4,a13.h4,v
m4,a13.h8,q
m4,a13.h13,v
m5,a13.h1,v
m5,a13.h2,k
m5,a13.h2,v
m5,a13.h6,v
m6,a13.h2,v
m6,a13.h3,v
m6,a13.h6,k
m6,a13.h6,v
m6,a13.h7,k
m6,a13.h7,v
m6,a13.h8,k
m6,a13.h13,v
a7.h9,a13.h2,v
a7.h9,a13.h3,v
a7.h9,a13.h6,v
a7.h9,a13.h7,v
a7.h9,a13.h13,v
m7,a13.h2,k
m7,a13.h2,v
m7,a13.h6,v
m7,a13.h8,q
m7,a13.h8,v
m7,a13.h13,q
m7,a13.h13,v
a8.h0,a13.h6,v
a8.h3,a13.h2,v
a8.h3,a13.h3,v
a8.h3,a13.h6,v
a8.h5,a13.h3,v
a8.h6,a13.h6,v
a8.h7,a13.h8,k
a8.h7,a13.h13,k
m8,a13.h7,k
m8,a13.h8,k
m8,a13.h8,v
m8,a13.h9,v
m8,a13.h11,v
m8,a13.h13,k
m8,a13.h13,v
a9.h2,a13.h3,v
a9.h2,a13.h7,v
a9.h2,a13.h11,v
a9.h2,a13.h13,v
a9.h3,a13.h6,v
m9,a13.h0,v
m9,a13.h2,v
m9,a13.h3,v
m9,a13.h4,v
m9,a13.h6,v
m9,a13.h7,v
m9,a13.h13,v
a10.h4,a13.h3,v
a10.h4,a13.h6,v
a10.h4,a13.h7,v
a10.h4,a13.h13,v
a10.h6,a13.h0,v
a10.h6,a13.h2,v
a10.h6,a13.h3,v
a10.h6,a13.h6,v
a10.h7,a13.h2,v
a10.h7,a13.h3,v
a10.h7,a13.h6,v
a10.h11,a13.h2,v
a10.h11,a13.h3,v
a10.h11,a13.h6,v
a10.h12,a13.h3,v
a10.h12,a13.h6,v
a10.h12,a13.h7,v
a10.h12,a13.h13,v
a10.h13,a13.h3,v
m10,a13.h0,v
m10,a13.h2,v
a11.h3,a13.h3,v
m11,a13.h2,v
m11,a13.h7,k
m11,a13.h11,v
m11,a13.h12,k
m11,a13.h13,v
a12.h0,a13.h6,v
a12.h7,a13.h3,v
a12.h7,a13.h6,v
a12.h8,a13.h3,v
a12.h9,a13.h3,v
a12.h12,a13.h6,v
a12.h13,a13.h0,v
a12.h13,a13.h1,v
a12.h13,a13.h2,v
a12.h13,a13.h3,v
a12.h13,a13.h4,v
a12.h13,a13.h6,v
a12.h13,a13.h7,v
a12.h13,a13.h10,v
a12.h13,a13.h13,v
m12,a13.h3,v
m12,a13.h4,v
m12,a13.h6,v
m12,a13.h7,v
m12,a13.h8,v
m12,a13.h10,v
m12,a13.h11,v
m12,a13.h13,v
a0.h4,m13,
m0,m13,
a1.h0,m13,
a1.h4,m13,
a1.h7,m13,
m1,m13,
a2.h3,m13,
a2.h7,m13,
a2.h8,m13,
a2.h9,m13,
a2.h11,m13,
a2.h12,m13,
m2,m13,
m3,m13,
a4.h7,m13,
a4.h10,m13,
a4.h12,m13,
m4,m13,
a5.h1,m13,
a5.h4,m13,
a5.h6,m13,
a5.h12,m13,
m5,m13,
m6,m13,
a7.h13,m13,
m7,m13,
a8.h2,m13,
a8.h3,m13,
a8.h5,m13,
a8.h6,m13,
a8.h7,m13,
a8.h13,m13,
m8,m13,
a9.h1,m13,
a9.h2,m13,
a9.h3,m13,
a9.h9,m13,
a9.h11,m13,
a9.h12,m13,
m9,m13,
a10.h2,m13,
a10.h3,m13,
a10.h4,m13,
a10.h6,m13,
a10.h7,m13,
a10.h9,m13,
a10.h11,m13,
a10.h13,m13,
m10,m13,
a11.h0,m13,
a11.h3,m13,
a11.h5,m13,
a11.h8,m13,
a11.h9,m13,
a11.h10,m13,
a11.h11,m13,
a11.h12,m13,
m11,m13,
a12.h0,m13,
a12.h5,m13,
a12.h6,m13,
a12.h7,m13,
a12.h8,m13,
a12.h11,m13,
a12.h13,m13,
m12,m13,
a13.h4,m13,
a13.h6,m13,
a13.h8,m13,
a13.h12,m13,
a13.h13,m13,
m0,a14.h0,v
m0,a14.h1,v
m0,a14.h2,v
m0,a14.h3,k
m0,a14.h3,v
m0,a14.h4,v
m0,a14.h5,q
m0,a14.h5,v
m0,a14.h7,v
m0,a14.h8,k
m0,a14.h8,v
m0,a14.h9,v
m0,a14.h10,v
m0,a14.h11,v
m0,a14.h12,v
m0,a14.h13,v
m1,a14.h0,v
m1,a14.h1,v
m1,a14.h5,v
m1,a14.h8,v
m1,a14.h9,k
m2,a14.h1,v
m2,a14.h5,v
m2,a14.h7,v
m2,a14.h8,v
m2,a14.h9,v
m2,a14.h10,v
m2,a14.h11,q
m2,a14.h12,k
m2,a14.h12,v
a3.h10,a14.h5,v
a3.h11,a14.h5,v
m3,a14.h1,v
m3,a14.h2,q
m3,a14.h2,v
m3,a14.h3,k
m3,a14.h5,q
m3,a14.h5,k
m3,a14.h5,v
m3,a14.h6,q
m3,a14.h6,k
m3,a14.h6,v
m3,a14.h7,v
m3,a14.h9,k
m3,a14.h9,v
m3,a14.h10,v
m3,a14.h11,q
m3,a14.h11,v
m3,a14.h12,q
m3,a14.h12,k
m3,a14.h13,q
m3,a14.h13,k
m3,a14.h13,v
a4.h10,a14.h7,v
a4.h10,a14.h8,v
a4.h10,a14.h9,v
a4.h10,a14.h10,v
a4.h10,a14.h12,v
a4.h10,a14.h13,v
a4.h12,a14.h7,v
a4.h12,a14.h10,v
a4.h12,a14.h13,v
m4,a14.h1,v
m4,a14.h2,v
m4,a14.h5,v
m4,a14.h7,v
m4,a14.h9,k
m4,a14.h9,v
m4,a14.h10,v
m4,a14.h12,v
m4,a14.h13,k
m4,a14.h13,v
a5.h4,a14.h7,v
a5.h4,a14.h9,v
a5.h4,a14.h10,v
a5.h9,a14.h10,v
a5.h11,a14.h7,v
a5.h11,a14.h8,v
a5.h11,a14.h9,v
a5.h11,a14.h10,v
a5.h11,a14.h12,v
a5.h12,a14.h7,v
a5.h12,a14.h10,v
m5,a14.h5,v
m5,a14.h7,v
m5,a14.h9,v
m5,a14.h11,v
m5,a14.h13,v
a6.h7,a14.h7,v
a6.h7,a14.h8,v
a6.h7,a14.h10,v
a6.h9,a14.h7,v
a6.h9,a14.h9,v
a6.h9,a14.h10,v
a6.h9,a14.h13,v
a6.h11,a14.h7,v
a6.h11,a14.h8,v
a6.h11,a14.h9,v
a6.h11,a14.h10,v
a6.h12,a14.h7,v
a6.h12,a14.h8,v
a6.h12,a14.h9,v
a6.h12,a14.h10,v
a6.h12,a14.h12,v
a6.h12,a14.h13,v
a6.h13,a14.h7,v
a6.h13,a14.h10,v
m6,a14.h2,v
m6,a14.h3,v
m6,a14.h5,v
m6,a14.h6,v
m6,a14.h7,v
m6,a14.h9,k
m6,a14.h9,v
m6,a14.h10,v
m6,a14.h13,v
a7.h9,a14.h1,v
a7.h9,a14.h2,v
a7.h9,a14.h3,v
a7.h9,a14.h5,v
a7.h10,a14.h5,v
a7.h10,a14.h9,v
a7.h13,a14.h1,v
a7.h13,a14.h2,v
a7.h13,a14.h3,v
a7.h13,a14.h5,v
a7.h13,a14.h7,v
a7.h13,a14.h8,v
a7.h13,a14.h9,v
a7.h13,a14.h10,v
m7,a14.h1,v
m7,a14.h2,v
m7,a14.h3,v
m7,a14.h4,v
m7,a14.h5,v
m7,a14.h6,v
m7,a14.h7,v
m7,a14.h9,v
m7,a14.h11,v
m7,a14.h13,v
a8.h3,a14.h5,v
a8.h5,a14.h5,v
a8.h7,a14.h1,v
m8,a14.h1,v
m8,a14.h2,v
m8,a14.h5,k
m8,a14.h5,v
m8,a14.h6,v
m8,a14.h7,v
m8,a14.h9,v
m8,a14.h12,v
a9.h1,a14.h5,v
a9.h2,a14.h1,v
a9.h2,a14.h5,v
a9.h2,a14.h7,v
a9.h2,a14.h8,v
a9.h2,a14.h9,v
a9.h2,a14.h10,v
a9.h2,a14.h13,v
a9.h3,a14.h1,v
a9.h3,a14.h2,v
a9.h3,a14.h5,v
a9.h5,a14.h5,v
m9,a14.h1,v
m9,a14.h2,v
m9,a14.h3,v
m9,a14.h5,v
m9,a14.h7,v
m9,a14.h9,v
m9,a14.h10,v
m9,a14.h11,v
m9,a14.h12,v
m9,a14.h13,v
a10.h2,a14.h5,v
a10.h4,a14.h1,v
a10.h4,a14.h2,v
a10.h4,a14.h3,v
a10.h4,a14.h5,v
a10.h6,a14.h1,v
a10.h7,a14.h1,v
a10.h7,a14.h2,v
a10.h7,a14.h3,v
a10.h7,a14.h5,v
a10.h7,a14.h7,v
a10.h7,a14.h8,v
a10.h7,a14.h9,v
a10.h7,a14.h10,v
a10.h7,a14.h13,v
a10.h9,a14.h7,v
a10.h9,a14.h8,v
a10.h9,a14.h10,v
a10.h10,a14.h7,v
a10.h10,a14.h10,v
a10.h11,a14.h1,v
a10.h11,a14.h2,v
a10.h11,a14.h3,v
a10.h11,a14.h4,v
a10.h11,a14.h5,v
a10.h12,a14.h5,v
a10.h12,a14.h7,v
a10.h12,a14.h8,v
a10.h12,a14.h9,v
a10.h12,a14.h10,v
a10.h12,a14.h12,v
a10.h12,a14.h13,v
a10.h13,a14.h1,v
a10.h13,a14.h5,v
a10.h13,a14.h7,v
a10.h13,a14.h8,v
a10.h13,a14.h10,v
m10,a14.h1,v
m10,a14.h2,v
m10,a14.h3,v
m10,a14.h5,v
m10,a14.h7,v
m10,a14.h8,v
m10,a14.h9,v
m10,a14.h10,v
m10,a14.h12,v
m10,a14.h13,v
a11.h0,a14.h1,v
a11.h0,a14.h5,v
a11.h0,a14.h10,v
a11.h2,a14.h7,v
a11.h2,a14.h9,q
a11.h2,a14.h10,v
a11.h3,a14.h1,v
a11.h3,a14.h2,v
a11.h3,a14.h5,v
a11.h3,a14.h7,v
a11.h3,a14.h8,v
a11.h3,a14.h10,v
a11.h4,a14.h5,v
a11.h5,a14.h1,v
a11.h5,a14.h5,v
a11.h5,a14.h10,v
a11.h6,a14.h7,v
a11.h6,a14.h10,v
m11,a14.h2,v
m11,a14.h5,v
m11,a14.h6,v
m11,a14.h7,q
m11,a14.h9,v
m11,a14.h13,v
a12.h2,a14.h8,v
a12.h2,a14.h10,v
a12.h9,a14.h10,v
a12.h13,a14.h5,v
a12.h13,a14.h7,v
a12.h13,a14.h8,v
a12.h13,a14.h9,v
a12.h13,a14.h10,v
a12.h13,a14.h13,v
m12,a14.h2,v
m12,a14.h4,v
m12,a14.h5,v
m12,a14.h7,v
m12,a14.h9,v
m12,a14.h12,v
m12,a14.h13,v
a13.h0,a14.h1,v
a13.h0,a14.h5,v
a13.h0,a14.h10,v
a13.h2,a14.h2,v
a13.h2,a14.h5,v
a13.h2,a14.h7,v
a13.h2,a14.h10,v
a13.h3,a14.h5,v
a13.h3,a14.h7,v
a13.h6,a14.h1,v
a13.h6,a14.h2,v
a13.h6,a14.h5,v
a13.h6,a14.h7,v
a13.h6,a14.h8,v
a13.h6,a14.h10,v
a13.h7,a14.h7,v
a13.h7,a14.h8,v
a13.h7,a14.h9,q
a13.h7,a14.h10,v
a13.h10,a14.h5,v
a13.h13,a14.h1,v
a13.h13,a14.h2,v
a13.h13,a14.h7,v
a13.h13,a14.h8,v
a13.h13,a14.h10,v
m13,a14.h0,v
m13,a14.h2,v
m13,a14.h4,v
m13,a14.h5,v
m13,a14.h6,v
m13,a14.h7,v
m13,a14.h8,v
m13,a14.h9,q
m13,a14.h9,k
m13,a14.h9,v
m13,a14.h10,v
m13,a14.h12,v
m13,a14.h13,v
m0,m14,
m1,m14,
a2.h8,m14,
a2.h12,m14,
a2.h13,m14,
m2,m14,
a3.h13,m14,
m3,m14,
a4.h0,m14,
a4.h10,m14,
a4.h13,m14,
m4,m14,
a5.h9,m14,
m5,m14,
a6.h1,m14,
a6.h7,m14,
a6.h9,m14,
a6.h12,m14,
a6.h13,m14,
m6,m14,
a7.h4,m14,
a7.h12,m14,
a7.h13,m14,
m7,m14,
a8.h5,m14,
a8.h7,m14,
a8.h8,m14,
a8.h12,m14,
m8,m14,
a9.h2,m14,
a9.h8,m14,
a9.h10,m14,
a9.h13,m14,
m9,m14,
a10.h0,m14,
a10.h2,m14,
a10.h3,m14,
a10.h6,m14,
a10.h9,m14,
a10.h12,m14,
m10,m14,
a11.h0,m14,
a11.h3,m14,
a11.h4,m14,
a11.h5,m14,
a11.h6,m14,
a11.h11,m14,
m11,m14,
a12.h0,m14,
a12.h1,m14,
a12.h2,m14,
a12.h7,m14,
a12.h8,m14,
a12.h9,m14,
a12.h10,m14,
m12,m14,
a13.h0,m14,
a13.h2,m14,
a13.h6,m14,
a13.h12,m14,
a13.h13,m14,
m13,m14,
a14.h0,m14,
a14.h1,m14,
a14.h2,m14,
a14.h4,m14,
a14.h5,m14,
a14.h7,m14,
a14.h8,m14,
a14.h9,m14,
a14.h10,m14,
a14.h11,m14,
a14.h12,m14,
a14.h13,m14,
m0,a15.h1,q
m0,a15.h1,k
m0,a15.h1,v
m0,a15.h2,v
m0,a15.h3,v
m0,a15.h4,q
m0,a15.h4,v
m0,a15.h5,q
m0,a15.h5,v
m0,a15.h6,k
m0,a15.h7,k
m0,a15.h7,v
m0,a15.h8,v
m0,a15.h9,k
m0,a15.h9,v
m0,a15.h10,v
m0,a15.h11,k
m0,a15.h11,v
m0,a15.h12,k
m0,a15.h12,v
m0,a15.h13,k
m1,a15.h1,v
m1,a15.h2,v
m1,a15.h5,k
m1,a15.h5,v
m1,a15.h10,v
m2,a15.h0,v
m2,a15.h1,k
m2,a15.h1,v
m2,a15.h2,v
m2,a15.h3,k
m2,a15.h3,v
m2,a15.h4,v
m2,a15.h9,k
m2,a15.h9,v
m2,a15.h10,k
m2,a15.h13,k
m3,a15.h0,q
m3,a15.h0,k
m3,a15.h1,k
m3,a15.h2,v
m3,a15.h3,k
m3,a15.h4,k
m3,a15.h4,v
m3,a15.h5,v
m3,a15.h6,q
m3,a15.h6,k
m3,a15.h7,k
m3,a15.h7,v
m3,a15.h8,q
m3,a15.h8,k
m3,a15.h8,v
m3,a15.h9,k
m3,a15.h10,k
m3,a15.h11,k
m3,a15.h12,k
m3,a15.h13,k
m3,a15.h13,v
m4,a15.h1,v
m4,a15.h2,v
m4,a15.h6,v
m4,a15.h9,v
m5,a15.h2,v
m5,a15.h8,v
m5,a15.h12,v
m6,a15.h1,k
m6,a15.h1,v
m6,a15.h2,v
m6,a15.h5,v
m6,a15.h6,v
m6,a15.h9,v
m6,a15.h12,v
a7.h9,a15.h7,v
a7.h9,a15.h9,v
a7.h9,a15.h12,v
a7.h10,a15.h12,v
a7.h13,a15.h9,v
m7,a15.h1,v
m7,a15.h2,v
m7,a15.h6,v
m7,a15.h9,v
m7,a15.h12,k
a8.h7,a15.h4,q
a8.h7,a15.h4,v
a8.h7,a15.h12,v
m8,a15.h1,v
a9.h2,a15.h7,v
a9.h2,a15.h9,v
a9.h2,a15.h10,v
a9.h2,a15.h12,v
m9,a15.h2,v
m9,a15.h4,q
m9,a15.h4,k
m9,a15.h9,v
a10.h4,a15.h7,v
a10.h7,a15.h9,v
a10.h7,a15.h12,v
a10.h11,a15.h9,v
a10.h11,a15.h12,v
a10.h12,a15.h7,v
a10.h12,a15.h9,v
a10.h12,a15.h12,v
a10.h13,a15.h10,v
m10,a15.h0,v
m10,a15.h2,v
m10,a15.h7,v
m10,a15.h8,v
a11.h3,a15.h7,v
a11.h3,a15.h10,v
m11,a15.h2,v
m11,a15.h4,v
m11,a15.h10,q
m11,a15.h12,v
a12.h0,a15.h2,v
a12.h8,a15.h7,v
a12.h8,a15.h9,v
a12.h8,a15.h12,v
a12.h8,a15.h13,v
a12.h9,a15.h7,v
a12.h13,a15.h7,v
a12.h13,a15.h9,v
a12.h13,a15.h12,v
m12,a15.h2,v
m12,a15.h4,v
a13.h6,a15.h10,v
a13.h7,a15.h1,v
a13.h7,a15.h3,v
a13.h13,a15.h1,v
a13.h13,a15.h3,v
m13,a15.h1,k
m13,a15.h2,v
m13,a15.h9,v
a14.h0,a15.h2,v
a14.h0,a15.h3,v
a14.h0,a15.h7,v
a14.h0,a15.h9,v
a14.h0,a15.h12,v
a14.h1,a15.h0,v
a14.h1,a15.h3,v
a14.h1,a15.h9,v
a14.h1,a15.h12,v
a14.h2,a15.h1,v
a14.h2,a15.h3,v
a14.h2,a15.h9,v
a14.h3,a15.h1,v
a14.h3,a15.h3,v
a14.h5,a15.h0,v
a14.h5,a15.h1,v
a14.h5,a15.h3,v
a14.h5,a15.h4,v
a14.h5,a15.h7,q
a14.h5,a15.h7,v
a14.h5,a15.h8,v
a14.h5,a15.h10,v
a14.h5,a15.h12,q
a14.h7,a15.h3,v
a14.h7,a15.h7,v
a14.h7,a15.h9,v
a14.h7,a15.h10,v
a14.h8,a15.h3,v
a14.h9,a15.h1,v
a14.h9,a15.h3,v
a14.h12,a15.h7,v
a14.h12,a15.h10,v
m14,a15.h0,v
m14,a15.h1,q
m14,a15.h1,k
m14,a15.h1,v
m14,a15.h2,v
m14,a15.h3,v
m14,a15.h4,k
m14,a15.h4,v
m14,a15.h5,v
m14,a15.h8,k
m14,a15.h10,v
m14,a15.h13,k
m0,m15,
a1.h0,m15,
a1.h2,m15,
a1.h4,m15,
a1.h12,m15,
a1.h13,m15,
m1,m15,
a2.h8,m15,
a2.h9,m15,
a2.h12,m15,
a2.h13,m15,
m2,m15,
a3.h0,m15,
a3.h8,m15,
a3.h11,m15,
m3,m15,
a4.h2,m15,
a4.h10,m15,
m4,m15,
a5.h2,m15,
a5.h3,m15,
m5,m15,
a6.h4,m15,
a6.h9,m15,
m6,m15,
a7.h8,m15,
a7.h9,m15,
m7,m15,
a8.h0,m15,
a8.h2,m15,
a8.h7,m15,
a8.h8,m15,
a8.h9,m15,
a8.h10,m15,
a8.h12,m15,
m8,m15,
a9.h0,m15,
a9.h2,m15,
a9.h3,m15,
a9.h10,m15,
m9,m15,
a10.h7,m15,
a10.h8,m15,
a10.h9,m15,
a10.h12,m15,
m10,m15,
a11.h2,m15,
a11.h3,m15,
a11.h5,m15,
a11.h6,m15,
a11.h9,m15,
m11,m15,
a12.h0,m15,
a12.h2,m15,
a12.h10,m15,
a12.h13,m15,
m12,m15,
a13.h1,m15,
a13.h5,m15,
a13.h6,m15,
a13.h7,m15,
a13.h10,m15,
a13.h11,m15,
a13.h13,m15,
m13,m15,
a14.h1,m15,
a14.h2,m15,
a14.h4,m15,
a14.h5,m15,
a14.h7,m15,
a14.h8,m15,
a14.h9,m15,
a14.h10,m15,
a14.h11,m15,
a14.h12,m15,
a14.h13,m15,
m14,m15,
a15.h0,m15,
a15.h1,m15,
a15.h2,m15,
a15.h3,m15,
a15.h4,m15,
a15.h5,m15,
a15.h6,m15,
a15.h7,m15,
a15.h8,m15,
a15.h9,m15,
a15.h12,m15,
a15.h13,m15,
input,a16.h7,v
input,a16.h9,v
input,a16.h11,v
m0,a16.h0,k
m0,a16.h0,v
m0,a16.h1,q
m0,a16.h1,k
m0,a16.h1,v
m0,a16.h2,k
m0,a16.h2,v
m0,a16.h3,k
m0,a16.h3,v
m0,a16.h4,v
m0,a16.h5,v
m0,a16.h6,q
m0,a16.h6,v
m0,a16.h7,k
m0,a16.h7,v
m0,a16.h8,q
m0,a16.h8,v
m0,a16.h9,q
m0,a16.h9,k
m0,a16.h9,v
m0,a16.h10,q
m0,a16.h10,k
m0,a16.h10,v
m0,a16.h11,k
m0,a16.h11,v
m0,a16.h12,k
m0,a16.h12,v
m0,a16.h13,q
m0,a16.h13,v
a1.h4,a16.h10,v
m1,a16.h0,q
m1,a16.h0,v
m1,a16.h1,v
m1,a16.h2,v
m1,a16.h3,v
m1,a16.h4,v
m1,a16.h6,v
m1,a16.h7,k
m1,a16.h7,v
m1,a16.h8,v
m1,a16.h9,v
m1,a16.h10,v
m1,a16.h11,v
m1,a16.h12,k
m1,a16.h12,v
m1,a16.h13,v
a2.h8,a16.h7,v
a2.h8,a16.h9,v
a2.h8,a16.h10,v
a2.h8,a16.h11,v
a2.h8,a16.h12,v
a2.h8,a16.h13,v
a2.h9,a16.h7,v
a2.h9,a16.h10,v
a2.h11,a16.h7,v
a2.h11,a16.h9,v
a2.h11,a16.h10,v
a2.h11,a16.h11,v
a2.h12,a16.h7,v
a2.h12,a16.h9,v
a2.h12,a16.h10,v
a2.h12,a16.h11,v
a2.h12,a16.h12,v
a2.h12,a16.h13,v
a2.h13,a16.h7,v
a2.h13,a16.h9,v
a2.h13,a16.h10,v
a2.h13,a16.h11,v
a2.h13,a16.h12,v
a2.h13,a16.h13,v
m2,a16.h0,k
m2,a16.h0,v
m2,a16.h1,k
m2,a16.h1,v
m2,a16.h2,v
m2,a16.h3,q
m2,a16.h3,v
m2,a16.h4,k
m2,a16.h4,v
m2,a16.h6,k
m2,a16.h7,v
m2,a16.h9,q
m2,a16.h9,k
m2,a16.h9,v
m2,a16.h10,v
m2,a16.h11,v
m2,a16.h12,k
m2,a16.h12,v
m2,a16.h13,v
m3,a16.h0,q
m3,a16.h0,k
m3,a16.h0,v
m3,a16.h1,k
m3,a16.h1,v
m3,a16.h2,q
m3,a16.h2,k
m3,a16.h2,v
m3,a16.h3,k
m3,a16.h3,v
m3,a16.h4,k
m3,a16.h4,v
m3,a16.h6,k
m3,a16.h6,v
m3,a16.h7,k
m3,a16.h7,v
m3,a16.h8,k
m3,a16.h9,q
m3,a16.h9,k
m3,a16.h9,v
m3,a16.h10,q
m3,a16.h10,k
m3,a16.h10,v
m3,a16.h11,k
m3,a16.h11,v
m3,a16.h12,k
m3,a16.h12,v
m3,a16.h13,v
m4,a16.h0,v
m4,a16.h1,k
m4,a16.h1,v
m4,a16.h2,v
m4,a16.h3,k
m4,a16.h3,v
m4,a16.h4,v
m4,a16.h5,v
m4,a16.h6,v
m4,a16.h7,k
m4,a16.h7,v
m4,a16.h9,v
m4,a16.h10,v
m4,a16.h11,k
m4,a16.h11,v
m4,a16.h12,k
m4,a16.h12,v
m4,a16.h13,v
m5,a16.h0,k
m5,a16.h0,v
m5,a16.h1,k
m5,a16.h1,v
m5,a16.h2,v
m5,a16.h3,k
m5,a16.h3,v
m5,a16.h4,v
m5,a16.h7,v
m5,a16.h9,v
m5,a16.h10,v
m5,a16.h11,v
m5,a16.h12,v
m5,a16.h13,v
m6,a16.h0,v
m6,a16.h1,q
m6,a16.h1,v
m6,a16.h2,k
m6,a16.h2,v
m6,a16.h3,v
m6,a16.h4,v
m6,a16.h6,v
m6,a16.h7,k
m6,a16.h7,v
m6,a16.h9,k
m6,a16.h9,v
m6,a16.h10,q
m6,a16.h10,k
m6,a16.h10,v
m6,a16.h11,k
m6,a16.h11,v
m6,a16.h12,k
m6,a16.h12,v
m6,a16.h13,k
m6,a16.h13,v
a7.h10,a16.h10,v
a7.h13,a16.h7,v
a7.h13,a16.h9,v
a7.h13,a16.h10,v
a7.h13,a16.h11,v
a7.h13,a16.h12,v
a7.h13,a16.h13,v
m7,a16.h0,k
m7,a16.h0,v
m7,a16.h1,v
m7,a16.h2,v
m7,a16.h3,k
m7,a16.h3,v
m7,a16.h4,k
m7,a16.h4,v
m7,a16.h6,v
m7,a16.h7,q
m7,a16.h7,v
m7,a16.h9,k
m7,a16.h9,v
m7,a16.h10,v
m7,a16.h11,k
m7,a16.h11,v
m7,a16.h12,k
m7,a16.h12,v
m7,a16.h13,v
a8.h7,a16.h0,k
a8.h7,a16.h1,k
a8.h7,a16.h2,k
a8.h7,a16.h3,k
a8.h7,a16.h7,k
a8.h7,a16.h9,k
a8.h7,a16.h12,k
a8.h7,a16.h13,k
a8.h8,a16.h10,v
m8,a16.h0,v
m8,a16.h1,v
m8,a16.h2,v
m8,a16.h3,v
m8,a16.h4,k
m8,a16.h7,v
m8,a16.h9,v
m8,a16.h10,v
m8,a16.h11,q
m8,a16.h11,v
m8,a16.h12,q
m8,a16.h12,v
m9,a16.h0,v
m9,a16.h1,v
m9,a16.h2,v
m9,a16.h3,v
m9,a16.h7,v
m9,a16.h8,q
m9,a16.h9,v
m9,a16.h10,q
m9,a16.h10,v
m9,a16.h11,k
m9,a16.h11,v
m9,a16.h12,v
m9,a16.h13,v
m10,a16.h1,v
m10,a16.h3,k
m10,a16.h6,k
m10,a16.h7,v
m10,a16.h9,v
m10,a16.h10,v
m10,a16.h11,q
m10,a16.h11,v
m10,a16.h12,k
m10,a16.h12,v
m10,a16.h13,k
a11.h12,a16.h13,q
m11,a16.h0,k
m11,a16.h0,v
m11,a16.h1,k
m11,a16.h1,v
m11,a16.h2,k
m11,a16.h2,v
m11,a16.h3,k
m11,a16.h3,v
m11,a16.h7,k
m11,a16.h7,v
m11,a16.h9,k
m11,a16.h9,v
m11,a16.h10,v
m11,a16.h11,q
m11,a16.h11,k
m11,a16.h11,v
m11,a16.h12,k
m11,a16.h12,v
m11,a16.h13,q
m11,a16.h13,k
m12,a16.h1,k
m12,a16.h1,v
m12,a16.h7,k
m12,a16.h7,v
m12,a16.h9,k
m12,a16.h9,v
m12,a16.h10,v
m12,a16.h11,v
m12,a16.h12,v
m12,a16.h13,q
m12,a16.h13,v
m13,a16.h1,k
m13,a16.h1,v
m13,a16.h2,k
m13,a16.h2,v
m13,a16.h3,k
m13,a16.h3,v
m13,a16.h7,v
m13,a16.h8,q
m13,a16.h9,k
m13,a16.h9,v
m13,a16.h10,v
m13,a16.h11,k
m13,a16.h11,v
m13,a16.h12,k
m13,a16.h12,v
m13,a16.h13,v
a14.h5,a16.h13,v
m14,a16.h0,q
m14,a16.h0,k
m14,a16.h0,v
m14,a16.h1,q
m14,a16.h1,k
m14,a16.h1,v
m14,a16.h2,q
m14,a16.h2,k
m14,a16.h2,v
m14,a16.h3,q
m14,a16.h3,k
m14,a16.h3,v
m14,a16.h4,q
m14,a16.h4,k
m14,a16.h4,v
m14,a16.h7,q
m14,a16.h7,k
m14,a16.h7,v
m14,a16.h9,q
m14,a16.h9,k
m14,a16.h9,v
m14,a16.h10,q
m14,a16.h10,v
m14,a16.h11,q
m14,a16.h11,k
m14,a16.h11,v
m14,a16.h12,q
m14,a16.h12,v
m14,a16.h13,q
m14,a16.h13,v
a15.h1,a16.h1,q
a15.h1,a16.h3,q
a15.h1,a16.h4,q
a15.h1,a16.h7,q
a15.h1,a16.h7,v
a15.h1,a16.h9,q
a15.h1,a16.h9,v
a15.h1,a16.h10,v
a15.h1,a16.h11,q
a15.h1,a16.h11,v
a15.h1,a16.h12,q
a15.h1,a16.h12,v
a15.h1,a16.h13,q
a15.h2,a16.h0,k
a15.h2,a16.h1,k
a15.h2,a16.h2,k
a15.h2,a16.h3,k
a15.h2,a16.h4,k
a15.h2,a16.h5,k
a15.h2,a16.h6,k
a15.h2,a16.h7,k
a15.h2,a16.h9,k
a15.h2,a16.h10,k
a15.h2,a16.h11,k
a15.h2,a16.h12,k
a15.h2,a16.h13,k
a15.h3,a16.h11,q
a15.h4,a16.h0,k
a15.h4,a16.h1,k
a15.h4,a16.h2,k
a15.h4,a16.h3,k
a15.h4,a16.h4,k
a15.h4,a16.h6,k
a15.h4,a16.h7,k
a15.h4,a16.h9,k
a15.h4,a16.h11,k
a15.h4,a16.h12,k
a15.h4,a16.h13,k
a15.h5,a16.h9,q
m15,a16.h0,q
m15,a16.h0,k
m15,a16.h0,v
m15,a16.h1,q
m15,a16.h1,k
m15,a16.h1,v
m15,a16.h2,k
m15,a16.h2,v
m15,a16.h3,k
m15,a16.h3,v
m15,a16.h4,v
m15,a16.h7,k
m15,a16.h7,v
m15,a16.h9,q
m15,a16.h9,v
m15,a16.h10,k
m15,a16.h10,v
m15,a16.h11,q
m15,a16.h11,v
m15,a16.h12,k
m15,a16.h12,v
m15,a16.h13,q
m15,a16.h13,k
m15,a16.h13,v
a0.h12,m16,
m0,m16,
a1.h3,m16,
a1.h4,m16,
a1.h12,m16,
a1.h13,m16,
m1,m16,
a2.h8,m16,
a2.h11,m16,
a2.h12,m16,
a2.h13,m16,
m2,m16,
a3.h4,m16,
a3.h5,m16,
a3.h7,m16,
a3.h11,m16,
a3.h12,m16,
m3,m16,
a4.h10,m16,
a4.h12,m16,
m4,m16,
a5.h4,m16,
a5.h6,m16,
a5.h12,m16,
m5,m16,
a6.h3,m16,
a6.h7,m16,
a6.h9,m16,
a6.h12,m16,
a6.h13,m16,
m6,m16,
a7.h3,m16,
a7.h4,m16,
a7.h8,m16,
a7.h10,m16,
a7.h13,m16,
m7,m16,
a8.h3,m16,
a8.h7,m16,
a8.h8,m16,
a8.h11,m16,
m8,m16,
a9.h8,m16,
a9.h9,m16,
m9,m16,
a10.h6,m16,
a10.h7,m16,
a10.h12,m16,
a10.h13,m16,
m10,m16,
a11.h9,m16,
a11.h11,m16,
a11.h12,m16,
m11,m16,
a12.h8,m16,
a12.h12,m16,
m12,m16,
a13.h3,m16,
a13.h6,m16,
a13.h7,m16,
a13.h10,m16,
a13.h13,m16,
m13,m16,
a14.h0,m16,
a14.h2,m16,
a14.h3,m16,
a14.h5,m16,
a14.h7,m16,
a14.h8,m16,
a14.h9,m16,
a14.h10,m16,
a14.h12,m16,
a14.h13,m16,
m14,m16,
a15.h1,m16,
a15.h2,m16,
a15.h4,m16,
a15.h6,m16,
a15.h8,m16,
a15.h9,m16,
a15.h10,m16,
a15.h11,m16,
a15.h12,m16,
a15.h13,m16,
m15,m16,
a16.h0,m16,
a16.h1,m16,
a16.h2,m16,
a16.h3,m16,
a16.h4,m16,
a16.h6,m16,
a16.h7,m16,
a16.h8,m16,
a16.h9,m16,
a16.h10,m16,
a16.h11,m16,
a16.h12,m16,
a16.h13,m16,
m0,a17.h0,k
m0,a17.h0,v
m0,a17.h1,v
m0,a17.h7,v
m0,a17.h8,v
m0,a17.h9,v
m0,a17.h11,k
m0,a17.h11,v
m0,a17.h12,k
m0,a17.h12,v
m0,a17.h13,k
m0,a17.h13,v
m1,a17.h8,v
m2,a17.h3,v
m2,a17.h8,v
m2,a17.h10,v
m2,a17.h12,k
m3,a17.h1,k
m3,a17.h3,k
m3,a17.h7,k
m3,a17.h7,v
m3,a17.h8,v
m3,a17.h12,k
m4,a17.h7,v
m4,a17.h8,v
m5,a17.h7,v
m6,a17.h7,v
m6,a17.h8,v
m7,a17.h7,v
a8.h5,a17.h8,v
m9,a17.h8,v
m13,a17.h8,v
m14,a17.h2,v
m14,a17.h7,v
m14,a17.h8,k
m14,a17.h8,v
m15,a17.h8,k
m15,a17.h8,v
m15,a17.h9,v
a16.h10,a17.h8,v
m16,a17.h0,v
m16,a17.h1,v
m16,a17.h3,v
m16,a17.h7,v
m16,a17.h8,v
m16,a17.h10,v
m16,a17.h11,v
m0,m17,
m1,m17,
a2.h8,m17,
a2.h9,m17,
a2.h11,m17,
a2.h12,m17,
a2.h13,m17,
m2,m17,
a3.h5,m17,
a3.h7,m17,
a3.h11,m17,
m3,m17,
a4.h2,m17,
a4.h12,m17,
m4,m17,
m5,m17,
m6,m17,
a7.h3,m17,
a7.h9,m17,
a7.h10,m17,
a7.h13,m17,
m7,m17,
a8.h3,m17,
a8.h13,m17,
m8,m17,
a9.h11,m17,
m9,m17,
a10.h6,m17,
a10.h12,m17,
m10,m17,
a11.h1,m17,
a11.h9,m17,
a11.h11,m17,
m11,m17,
a12.h2,m17,
m12,m17,
a13.h3,m17,
a13.h6,m17,
a13.h8,m17,
m13,m17,
a14.h4,m17,
a14.h6,m17,
a14.h7,m17,
a14.h8,m17,
a14.h9,m17,
a14.h10,m17,
a14.h11,m17,
a14.h12,m17,
a14.h13,m17,
m14,m17,
a15.h1,m17,
a15.h2,m17,
a15.h5,m17,
a15.h6,m17,
a15.h7,m17,
a15.h8,m17,
a15.h9,m17,
a15.h10,m17,
a15.h11,m17,
a15.h12,m17,
a15.h13,m17,
m15,m17,
a16.h0,m17,
a16.h1,m17,
a16.h2,m17,
a16.h3,m17,
a16.h4,m17,
a16.h6,m17,
a16.h7,m17,
a16.h9,m17,
a16.h10,m17,
a16.h11,m17,
a16.h12,m17,
a16.h13,m17,
m16,m17,
a17.h0,m17,
a17.h1,m17,
a17.h3,m17,
a17.h7,m17,
a17.h8,m17,
a17.h9,m17,
a17.h10,m17,
a17.h13,m17,
m0,a18.h0,v
m0,a18.h1,k
m0,a18.h1,v
m0,a18.h4,k
m0,a18.h4,v
m0,a18.h5,q
m0,a18.h6,v
m0,a18.h9,v
m0,a18.h10,k
m0,a18.h10,v
m0,a18.h11,k
m0,a18.h11,v
m0,a18.h12,v
m0,a18.h13,v
m1,a18.h4,v
m1,a18.h10,v
m1,a18.h11,k
m2,a18.h0,k
m2,a18.h0,v
m2,a18.h4,v
m2,a18.h5,k
m2,a18.h6,v
m2,a18.h7,v
m2,a18.h9,v
m2,a18.h10,v
m2,a18.h11,k
m2,a18.h13,v
m3,a18.h0,k
m3,a18.h0,v
m3,a18.h1,k
m3,a18.h1,v
m3,a18.h3,k
m3,a18.h3,v
m3,a18.h4,v
m3,a18.h5,k
m3,a18.h8,k
m3,a18.h8,v
m3,a18.h10,v
m3,a18.h11,k
m3,a18.h12,v
m3,a18.h13,v
m4,a18.h0,v
m4,a18.h1,v
m4,a18.h4,v
m4,a18.h6,v
m4,a18.h10,v
m4,a18.h12,v
m4,a18.h13,v
m5,a18.h0,v
m5,a18.h1,v
m5,a18.h4,v
m6,a18.h0,v
m6,a18.h1,v
m6,a18.h4,v
m6,a18.h6,v
m6,a18.h12,v
m6,a18.h13,v
a7.h9,a18.h4,v
a7.h13,a18.h4,v
m7,a18.h0,v
m7,a18.h1,v
m7,a18.h4,v
m7,a18.h12,v
m7,a18.h13,v
m8,a18.h0,v
m8,a18.h4,v
m8,a18.h9,v
m8,a18.h13,v
m9,a18.h0,v
m9,a18.h4,v
m9,a18.h5,v
a10.h7,a18.h4,v
a10.h12,a18.h9,v
m10,a18.h9,v
a11.h3,a18.h9,v
m11,a18.h4,v
m11,a18.h9,v
a13.h13,a18.h9,v
m13,a18.h0,v
m13,a18.h4,v
m13,a18.h9,v
m13,a18.h10,v
m13,a18.h13,v
a14.h1,a18.h0,v
a14.h1,a18.h4,v
a14.h1,a18.h5,v
a14.h2,a18.h4,v
a14.h2,a18.h5,v
a14.h5,a18.h2,v
a14.h5,a18.h4,v
a14.h5,a18.h5,v
a14.h5,a18.h6,v
a14.h7,a18.h9,v
a14.h7,a18.h10,v
a14.h7,a18.h11,v
a14.h7,a18.h12,v
a14.h7,a18.h13,v
a14.h8,a18.h9,v
a14.h9,a18.h9,v
a14.h9,a18.h12,v
a14.h10,a18.h13,v
a14.h12,a18.h9,v
a14.h12,a18.h12,v
m14,a18.h4,v
m14,a18.h5,v
m14,a18.h9,v
a15.h9,a18.h8,v
a15.h9,a18.h9,v
a15.h9,a18.h11,v
a15.h9,a18.h12,v
a15.h9,a18.h13,v
a15.h12,a18.h9,v
m15,a18.h0,v
m15,a18.h2,v
m15,a18.h5,v
m15,a18.h9,v
m15,a18.h13,v
a16.h7,a18.h9,v
a16.h7,a18.h12,v
a16.h9,a18.h9,v
a16.h10,a18.h4,v
a16.h10,a18.h9,v
a16.h10,a18.h13,v
a16.h11,a18.h2,v
a16.h11,a18.h9,v
a16.h11,a18.h12,v
a16.h12,a18.h9,v
m16,a18.h0,v
m16,a18.h1,v
m16,a18.h3,v
m16,a18.h4,k
m16,a18.h4,v
m16,a18.h5,v
m16,a18.h6,v
m16,a18.h9,v
m16,a18.h10,v
m16,a18.h11,v
m16,a18.h12,v
m16,a18.h13,v
a17.h8,a18.h8,v
a17.h8,a18.h9,v
a17.h8,a18.h12,v
m17,a18.h0,q
m17,a18.h0,v
m17,a18.h1,v
m17,a18.h4,k
m17,a18.h4,v
m17,a18.h5,q
m17,a18.h5,v
m17,a18.h6,v
m17,a18.h8,v
m17,a18.h9,v
m17,a18.h10,k
m17,a18.h10,v
m17,a18.h11,v
m17,a18.h12,v
m17,a18.h13,v
m0,m18,
m1,m18,
a2.h8,m18,
a2.h9,m18,
a2.h11,m18,
a2.h12,m18,
a2.h13,m18,
m2,m18,
m3,m18,
a4.h12,m18,
m4,m18,
m5,m18,
a6.h12,m18,
m6,m18,
a7.h8,m18,
a7.h9,m18,
a7.h13,m18,
m7,m18,
a8.h10,m18,
m8,m18,
a9.h8,m18,
a9.h13,m18,
m9,m18,
a10.h2,m18,
a10.h4,m18,
a10.h11,m18,
a10.h12,m18,
m10,m18,
a11.h3,m18,
a11.h5,m18,
a11.h6,m18,
a11.h9,m18,
a11.h12,m18,
m11,m18,
a12.h3,m18,
a12.h13,m18,
m12,m18,
a13.h1,m18,
a13.h7,m18,
a13.h8,m18,
a13.h13,m18,
m13,m18,
a14.h2,m18,
a14.h3,m18,
a14.h4,m18,
a14.h5,m18,
a14.h7,m18,
a14.h8,m18,
a14.h9,m18,
a14.h10,m18,
a14.h12,m18,
a14.h13,m18,
m14,m18,
a15.h1,m18,
a15.h2,m18,
a15.h3,m18,
a15.h5,m18,
a15.h9,m18,
a15.h10,m18,
a15.h12,m18,
m15,m18,
a16.h0,m18,
a16.h1,m18,
a16.h2,m18,
a16.h3,m18,
a16.h4,m18,
a16.h7,m18,
a16.h8,m18,
a16.h9,m18,
a16.h10,m18,
a16.h11,m18,
a16.h12,m18,
a16.h13,m18,
m16,m18,
a17.h1,m18,
a17.h7,m18,
a17.h8,m18,
m17,m18,
a18.h0,m18,
a18.h1,m18,
a18.h2,m18,
a18.h4,m18,
a18.h7,m18,
a18.h9,m18,
a18.h10,m18,
a18.h11,m18,
a18.h12,m18,
a18.h13,m18,
m0,a19.h1,v
m0,a19.h3,v
m0,a19.h6,q
m0,a19.h6,v
m0,a19.h7,v
m0,a19.h8,v
m0,a19.h10,v
m2,a19.h1,v
m2,a19.h3,v
m2,a19.h10,k
m3,a19.h0,k
m3,a19.h2,k
m3,a19.h2,v
m3,a19.h6,k
m3,a19.h6,v
m3,a19.h10,k
m3,a19.h11,k
m3,a19.h13,v
m7,a19.h6,v
m9,a19.h10,v
a10.h4,a19.h8,v
a13.h7,a19.h11,v
a13.h13,a19.h11,v
a14.h1,a19.h10,v
a14.h2,a19.h8,v
a14.h2,a19.h10,v
a14.h3,a19.h8,v
a14.h4,a19.h8,v
a14.h5,a19.h7,v
a14.h5,a19.h8,v
a14.h5,a19.h9,v
a14.h5,a19.h10,v
a14.h5,a19.h11,v
a14.h5,a19.h12,v
a14.h7,a19.h7,v
a14.h7,a19.h8,v
a14.h7,a19.h10,v
a14.h7,a19.h11,v
a14.h7,a19.h12,v
a14.h9,a19.h8,v
a14.h9,a19.h9,v
a14.h9,a19.h11,v
a14.h10,a19.h8,v
a14.h10,a19.h10,v
a14.h13,a19.h11,v
m14,a19.h1,v
m14,a19.h8,v
m14,a19.h9,v
m14,a19.h11,v
a15.h1,a19.h8,v
a15.h3,a19.h8,v
a15.h3,a19.h9,v
a15.h3,a19.h10,v
a15.h3,a19.h11,v
a15.h6,a19.h11,v
a15.h7,a19.h11,v
a15.h8,a19.h8,v
a15.h8,a19.h11,v
a15.h9,a19.h8,v
a15.h9,a19.h11,v
a15.h12,a19.h8,v
a15.h12,a19.h11,v
a15.h13,a19.h11,v
m15,a19.h3,v
m15,a19.h8,v
m15,a19.h9,v
m15,a19.h11,v
a16.h7,a19.h7,v
a16.h7,a19.h8,v
a16.h7,a19.h9,v
a16.h7,a19.h10,v
a16.h7,a19.h11,v
a16.h9,a19.h8,v
a16.h11,a19.h7,v
a16.h11,a19.h8,v
a16.h11,a19.h10,v
a16.h12,a19.h8,v
a16.h12,a19.h10,v
a16.h13,a19.h8,v
a16.h13,a19.h9,v
a16.h13,a19.h10,v
m16,a19.h1,v
m16,a19.h3,v
m16,a19.h5,v
m16,a19.h7,v
m16,a19.h8,v
m16,a19.h9,v
m16,a19.h10,v
m16,a19.h11,v
a17.h7,a19.h1,v
a17.h8,a19.h8,v
a17.h8,a19.h9,v
a17.h8,a19.h11,v
m17,a19.h1,v
m17,a19.h3,v
m17,a19.h5,v
m17,a19.h7,v
m17,a19.h8,v
m17,a19.h10,v
m17,a19.h11,v
a18.h0,a19.h7,v
a18.h0,a19.h8,v
a18.h0,a19.h9,v
a18.h0,a19.h11,v
a18.h1,a19.h3,v
a18.h1,a19.h7,v
a18.h1,a19.h8,v
a18.h1,a19.h11,v
a18.h4,a19.h7,v
a18.h4,a19.h8,v
a18.h4,a19.h9,v
a18.h4,a19.h10,v
a18.h4,a19.h11,v
a18.h4,a19.h12,v
a18.h5,a19.h8,v
a18.h6,a19.h6,q
a18.h6,a19.h7,v
a18.h6,a19.h8,v
a18.h6,a19.h9,v
a18.h6,a19.h10,v
a18.h6,a19.h11,v
a18.h9,a19.h8,v
a18.h9,a19.h10,v
m18,a19.h1,v
m18,a19.h2,k
m18,a19.h3,v
m18,a19.h5,v
m18,a19.h6,k
m18,a19.h7,v
m18,a19.h8,v
m18,a19.h9,v
m18,a19.h10,q
m18,a19.h10,v
m18,a19.h11,v
a0.h11,m19,
m0,m19,
m1,m19,
a2.h8,m19,
a2.h9,m19,
a2.h11,m19,
a2.h12,m19,
a2.h13,m19,
m2,m19,
m3,m19,
a4.h12,m19,
m4,m19,
m5,m19,
m6,m19,
a7.h13,m19,
m7,m19,
a8.h3,m19,
a8.h8,m19,
m8,m19,
a9.h2,m19,
a9.h8,m19,
a9.h9,m19,
a10.h9,m19,
m10,m19,
a11.h4,m19,
a11.h5,m19,
a11.h6,m19,
a11.h9,m19,
a11.h10,m19,
a11.h11,m19,
a11.h12,m19,
m11,m19,
a12.h7,m19,
a12.h12,m19,
a12.h13,m19,
a13.h3,m19,
a13.h6,m19,
a13.h7,m19,
a13.h8,m19,
a13.h11,m19,
a13.h13,m19,
m13,m19,
a14.h0,m19,
a14.h1,m19,
a14.h2,m19,
a14.h3,m19,
a14.h4,m19,
a14.h5,m19,
a14.h7,m19,
a14.h8,m19,
a14.h9,m19,
a14.h10,m19,
a14.h12,m19,
a14.h13,m19,
m14,m19,
a15.h1,m19,
a15.h2,m19,
a15.h3,m19,
a15.h4,m19,
a15.h5,m19,
a15.h7,m19,
a15.h8,m19,
a15.h9,m19,
a15.h11,m19,
a15.h12,m19,
a15.h13,m19,
m15,m19,
a16.h0,m19,
a16.h1,m19,
a16.h2,m19,
a16.h3,m19,
a16.h4,m19,
a16.h5,m19,
a16.h6,m19,
a16.h7,m19,
a16.h8,m19,
a16.h9,m19,
a16.h10,m19,
a16.h11,m19,
a16.h12,m19,
a16.h13,m19,
m16,m19,
a17.h0,m19,
a17.h7,m19,
a17.h8,m19,
a17.h10,m19,
a17.h11,m19,
m17,m19,
a18.h0,m19,
a18.h1,m19,
a18.h2,m19,
a18.h4,m19,
a18.h5,m19,
a18.h6,m19,
a18.h7,m19,
a18.h8,m19,
a18.h9,m19,
a18.h10,m19,
a18.h11,m19,
a18.h12,m19,
a18.h13,m19,
m18,m19,
a19.h1,m19,
a19.h3,m19,
a19.h5,m19,
a19.h6,m19,
a19.h7,m19,
a19.h8,m19,
a19.h9,m19,
a19.h10,m19,
a19.h11,m19,
a19.h12,m19,
m0,a20.h0,v
m0,a20.h1,v
m0,a20.h2,v
m0,a20.h5,v
m0,a20.h6,k
m0,a20.h6,v
m0,a20.h7,q
m0,a20.h7,k
m0,a20.h7,v
m0,a20.h9,q
m0,a20.h9,v
m0,a20.h10,v
m0,a20.h11,q
m0,a20.h11,k
m0,a20.h11,v
m0,a20.h12,k
m0,a20.h12,v
m0,a20.h13,v
m1,a20.h7,v
m1,a20.h10,k
m1,a20.h10,v
m1,a20.h11,v
m1,a20.h12,k
m1,a20.h12,v
m1,a20.h13,v
a2.h8,a20.h7,v
a2.h8,a20.h11,v
a2.h8,a20.h12,v
a2.h9,a20.h7,v
a2.h9,a20.h11,v
a2.h12,a20.h7,v
a2.h12,a20.h9,v
a2.h12,a20.h10,v
a2.h12,a20.h11,v
a2.h12,a20.h12,v
a2.h13,a20.h7,v
a2.h13,a20.h9,v
a2.h13,a20.h11,v
a2.h13,a20.h12,v
m2,a20.h2,v
m2,a20.h6,v
m2,a20.h7,v
m2,a20.h10,v
m2,a20.h11,v
m2,a20.h12,v
m2,a20.h13,k
m3,a20.h0,k
m3,a20.h2,v
m3,a20.h5,k
m3,a20.h5,v
m3,a20.h6,v
m3,a20.h7,v
m3,a20.h10,v
m3,a20.h11,k
m3,a20.h11,v
m3,a20.h12,k
m3,a20.h12,v
m3,a20.h13,k
m4,a20.h1,v
m4,a20.h2,v
m4,a20.h6,v
m4,a20.h7,v
m4,a20.h9,v
m4,a20.h10,v
m4,a20.h11,q
m4,a20.h11,v
m4,a20.h12,v
m4,a20.h13,v
m5,a20.h2,v
m5,a20.h7,v
m5,a20.h10,v
m5,a20.h11,v
m5,a20.h12,v
m6,a20.h7,v
m6,a20.h9,k
m6,a20.h9,v
m6,a20.h10,v
m6,a20.h11,k
m6,a20.h11,v
m6,a20.h12,v
m6,a20.h13,v
m7,a20.h7,v
m7,a20.h10,v
m7,a20.h11,v
m7,a20.h12,v
m7,a20.h13,v
m10,a20.h7,v
m10,a20.h11,v
m12,a20.h7,v
m13,a20.h7,v
m13,a20.h11,v
a14.h7,a20.h2,v
a14.h10,a20.h1,v
a14.h10,a20.h2,v
a14.h10,a20.h6,v
a14.h12,a20.h2,v
a14.h13,a20.h2,v
m14,a20.h2,v
m14,a20.h7,q
m14,a20.h7,v
m14,a20.h10,v
m14,a20.h11,k
m14,a20.h11,v
m14,a20.h12,v
m14,a20.h13,v
m15,a20.h7,q
m15,a20.h7,k
m15,a20.h7,v
m15,a20.h11,v
m15,a20.h12,k
m15,a20.h12,v
a16.h0,a20.h9,v
a16.h7,a20.h7,v
a16.h7,a20.h9,v
a16.h7,a20.h11,v
a16.h9,a20.h9,v
a16.h10,a20.h2,v
a16.h10,a20.h6,v
a16.h10,a20.h7,v
a16.h10,a20.h9,v
a16.h10,a20.h10,v
a16.h10,a20.h11,v
a16.h10,a20.h12,v
a16.h10,a20.h13,v
a16.h11,a20.h7,v
a16.h11,a20.h9,v
a16.h11,a20.h11,v
a16.h11,a20.h12,v
a16.h11,a20.h13,v
a16.h12,a20.h7,v
a16.h12,a20.h9,v
a16.h12,a20.h11,v
m16,a20.h1,v
m16,a20.h2,v
m16,a20.h6,v
m16,a20.h7,q
m16,a20.h7,v
m16,a20.h8,q
m16,a20.h9,k
m16,a20.h9,v
m16,a20.h10,v
m16,a20.h11,k
m16,a20.h11,v
m16,a20.h12,v
m16,a20.h13,v
m17,a20.h1,v
m17,a20.h2,v
m17,a20.h6,v
m17,a20.h7,k
m17,a20.h7,v
m17,a20.h9,k
m17,a20.h10,v
m17,a20.h11,q
m17,a20.h11,k
m17,a20.h11,v
m17,a20.h12,v
m17,a20.h13,v
a18.h6,a20.h11,q
m18,a20.h2,v
m18,a20.h6,v
m18,a20.h7,q
m18,a20.h7,k
m18,a20.h7,v
m18,a20.h9,v
m18,a20.h10,k
m18,a20.h10,v
m18,a20.h11,q
m18,a20.h11,k
m18,a20.h11,v
m18,a20.h12,k
m18,a20.h12,v
a19.h3,a20.h9,k
a19.h6,a20.h11,q
a19.h6,a20.h12,q
m19,a20.h1,v
m19,a20.h2,v
m19,a20.h6,v
m19,a20.h7,k
m19,a20.h7,v
m19,a20.h8,v
m19,a20.h10,v
m19,a20.h11,k
m19,a20.h11,v
m19,a20.h12,k
m19,a20.h12,v
m19,a20.h13,v
m0,m20,
m1,m20,
a2.h8,m20,
a2.h12,m20,
a2.h13,m20,
m2,m20,
a3.h8,m20,
m3,m20,
m4,m20,
a5.h6,m20,
m5,m20,
a6.h9,m20,
m6,m20,
a7.h4,m20,
a7.h8,m20,
a7.h13,m20,
m7,m20,
a8.h3,m20,
a8.h7,m20,
m8,m20,
a9.h2,m20,
a9.h3,m20,
a9.h8,m20,
a10.h7,m20,
a10.h11,m20,
a10.h12,m20,
m10,m20,
a11.h2,m20,
a11.h3,m20,
a11.h9,m20,
a11.h12,m20,
m11,m20,
a12.h7,m20,
a12.h13,m20,
m12,m20,
a13.h0,m20,
a13.h3,m20,
a13.h6,m20,
a13.h7,m20,
a13.h13,m20,
m13,m20,
a14.h0,m20,
a14.h2,m20,
a14.h3,m20,
a14.h4,m20,
a14.h5,m20,
a14.h7,m20,
a14.h8,m20,
a14.h9,m20,
a14.h10,m20,
a14.h12,m20,
a14.h13,m20,
m14,m20,
a15.h1,m20,
a15.h3,m20,
a15.h4,m20,
a15.h8,m20,
a15.h9,m20,
a15.h11,m20,
a15.h12,m20,
m15,m20,
a16.h0,m20,
a16.h1,m20,
a16.h2,m20,
a16.h3,m20,
a16.h4,m20,
a16.h6,m20,
a16.h7,m20,
a16.h8,m20,
a16.h9,m20,
a16.h10,m20,
a16.h11,m20,
a16.h12,m20,
a16.h13,m20,
m16,m20,
a17.h8,m20,
a17.h11,m20,
m17,m20,
a18.h0,m20,
a18.h1,m20,
a18.h4,m20,
a18.h6,m20,
a18.h8,m20,
a18.h9,m20,
a18.h10,m20,
a18.h11,m20,
a18.h12,m20,
a18.h13,m20,
m18,m20,
a19.h1,m20,
a19.h2,m20,
a19.h6,m20,
a19.h7,m20,
a19.h8,m20,
a19.h9,m20,
a19.h10,m20,
a19.h11,m20,
a19.h12,m20,
a19.h13,m20,
m19,m20,
a20.h0,m20,
a20.h1,m20,
a20.h2,m20,
a20.h5,m20,
a20.h6,m20,
a20.h7,m20,
a20.h11,m20,
a20.h12,m20,
a20.h13,m20,
m0,a21.h0,v
m0,a21.h1,k
m0,a21.h1,v
m0,a21.h2,k
m0,a21.h2,v
m0,a21.h3,k
m0,a21.h3,v
m0,a21.h4,k
m0,a21.h5,v
m0,a21.h6,v
m0,a21.h8,v
m0,a21.h9,v
m0,a21.h10,k
m0,a21.h10,v
m0,a21.h11,k
m0,a21.h11,v
m0,a21.h12,k
m0,a21.h12,v
m0,a21.h13,k
m0,a21.h13,v
m1,a21.h3,k
m1,a21.h9,v
m1,a21.h10,k
m1,a21.h10,v
m1,a21.h11,v
m2,a21.h2,k
m2,a21.h2,v
m2,a21.h10,k
m2,a21.h10,v
m2,a21.h11,v
m2,a21.h13,v
m3,a21.h2,k
m3,a21.h2,v
m3,a21.h4,k
m3,a21.h6,q
m3,a21.h8,k
m3,a21.h10,q
m3,a21.h10,k
m3,a21.h10,v
m3,a21.h11,k
m3,a21.h11,v
m4,a21.h1,v
m4,a21.h2,v
m4,a21.h3,v
m4,a21.h4,v
m4,a21.h6,v
m4,a21.h8,v
m4,a21.h9,v
m4,a21.h10,v
m4,a21.h11,v
m4,a21.h13,v
m5,a21.h2,v
m5,a21.h10,k
m5,a21.h11,v
m6,a21.h1,v
m6,a21.h2,v
m6,a21.h9,v
m6,a21.h11,v
m6,a21.h13,v
m7,a21.h2,v
m7,a21.h10,v
m7,a21.h11,k
m7,a21.h11,v
m9,a21.h2,v
m9,a21.h10,v
m9,a21.h11,v
m11,a21.h2,v
m13,a21.h2,v
m13,a21.h11,v
m15,a21.h10,k
m15,a21.h11,v
a16.h10,a21.h0,v
a16.h10,a21.h1,v
a16.h10,a21.h2,v
a16.h10,a21.h11,v
a16.h10,a21.h12,v
m16,a21.h1,v
m16,a21.h2,v
m16,a21.h3,k
m16,a21.h3,v
m16,a21.h4,k
m16,a21.h4,v
m16,a21.h6,v
m16,a21.h8,v
m16,a21.h9,v
m16,a21.h10,k
m16,a21.h10,v
m16,a21.h11,v
m16,a21.h12,k
m16,a21.h13,k
m16,a21.h13,v
m17,a21.h0,v
m17,a21.h1,v
m17,a21.h2,v
m17,a21.h3,v
m17,a21.h4,v
m17,a21.h6,v
m17,a21.h8,v
m17,a21.h9,v
m17,a21.h10,v
m17,a21.h11,v
m17,a21.h12,k
m17,a21.h13,v
m18,a21.h1,v
m18,a21.h2,v
m18,a21.h4,v
m18,a21.h6,q
m18,a21.h9,v
m18,a21.h11,v
m19,a21.h0,v
m19,a21.h1,v
m19,a21.h2,v
m19,a21.h3,q
m19,a21.h3,v
m19,a21.h4,v
m19,a21.h5,q
m19,a21.h6,q
m19,a21.h8,v
m19,a21.h9,v
m19,a21.h10,v
m19,a21.h11,q
m19,a21.h11,k
m19,a21.h11,v
m19,a21.h12,k
m19,a21.h12,v
m19,a21.h13,q
a20.h6,a21.h12,v
m20,a21.h0,k
m20,a21.h0,v
m20,a21.h1,v
m20,a21.h2,k
m20,a21.h4,v
m20,a21.h5,k
m20,a21.h6,k
m20,a21.h6,v
m20,a21.h7,v
m20,a21.h9,q
m20,a21.h9,v
m20,a21.h10,k
m20,a21.h10,v
m20,a21.h11,q
m20,a21.h11,k
m20,a21.h11,v
m20,a21.h12,v
m20,a21.h13,k
m0,m21,
m1,m21,
a2.h12,m21,
a2.h13,m21,
m2,m21,
a3.h12,m21,
m3,m21,
m4,m21,
m5,m21,
a6.h12,m21,
m6,m21,
m7,m21,
a8.h3,m21,
a8.h5,m21,
a8.h7,m21,
m8,m21,
a9.h11,m21,
a10.h4,m21,
a10.h6,m21,
a10.h7,m21,
a10.h9,m21,
a10.h11,m21,
a10.h12,m21,
a11.h0,m21,
m12,m21,
a13.h6,m21,
a13.h7,m21,
a13.h8,m21,
a13.h10,m21,
a13.h11,m21,
a13.h13,m21,
m13,m21,
a14.h1,m21,
a14.h2,m21,
a14.h3,m21,
a14.h4,m21,
a14.h5,m21,
a14.h6,m21,
a14.h7,m21,
a14.h8,m21,
a14.h9,m21,
a14.h10,m21,
a14.h12,m21,
a14.h13,m21,
m14,m21,
a15.h1,m21,
a15.h3,m21,
a15.h7,m21,
a15.h9,m21,
a15.h11,m21,
a15.h12,m21,
a15.h13,m21,
m15,m21,
a16.h0,m21,
a16.h1,m21,
a16.h2,m21,
a16.h3,m21,
a16.h4,m21,
a16.h5,m21,
a16.h6,m21,
a16.h7,m21,
a16.h8,m21,
a16.h9,m21,
a16.h10,m21,
a16.h11,m21,
a16.h12,m21,
a16.h13,m21,
m16,m21,
a17.h7,m21,
a17.h8,m21,
a17.h13,m21,
m17,m21,
a18.h0,m21,
a18.h1,m21,
a18.h3,m21,
a18.h4,m21,
a18.h5,m21,
a18.h6,m21,
a18.h9,m21,
a18.h10,m21,
a18.h11,m21,
a18.h12,m21,
a18.h13,m21,
m18,m21,
a19.h1,m21,
a19.h3,m21,
a19.h7,m21,
a19.h8,m21,
a19.h9,m21,
a19.h10,m21,
a19.h11,m21,
a19.h12,m21,
m19,m21,
a20.h0,m21,
a20.h1,m21,
a20.h2,m21,
a20.h6,m21,
a20.h7,m21,
a20.h8,m21,
a20.h10,m21,
a20.h11,m21,
a20.h12,m21,
m20,m21,
a21.h0,m21,
a21.h2,m21,
a21.h3,m21,
a21.h4,m21,
a21.h5,m21,
a21.h6,m21,
a21.h9,m21,
a21.h11,m21,
a21.h12,m21,
m0,a22.h0,q
m0,a22.h0,k
m0,a22.h0,v
m0,a22.h1,k
m0,a22.h1,v
m0,a22.h2,q
m0,a22.h2,k
m0,a22.h2,v
m0,a22.h3,k
m0,a22.h3,v
m0,a22.h4,k
m0,a22.h4,v
m0,a22.h5,k
m0,a22.h5,v
m0,a22.h6,q
m0,a22.h6,k
m0,a22.h6,v
m0,a22.h7,k
m0,a22.h7,v
m0,a22.h8,v
m0,a22.h9,q
m0,a22.h9,v
m0,a22.h10,k
m0,a22.h10,v
m0,a22.h11,q
m0,a22.h11,v
m0,a22.h13,v
m1,a22.h0,v
m1,a22.h1,k
m1,a22.h2,k
m1,a22.h2,v
m1,a22.h3,k
m1,a22.h3,v
m1,a22.h5,v
m1,a22.h6,v
m1,a22.h11,v
a2.h8,a22.h0,v
a2.h8,a22.h2,v
a2.h8,a22.h6,v
a2.h12,a22.h0,v
a2.h12,a22.h2,v
a2.h12,a22.h3,v
a2.h12,a22.h4,v
a2.h12,a22.h6,v
a2.h12,a22.h11,v
a2.h13,a22.h0,v
a2.h13,a22.h6,v
a2.h13,a22.h11,v
m2,a22.h0,v
m2,a22.h2,k
m2,a22.h2,v
m2,a22.h6,k
m2,a22.h6,v
m2,a22.h11,v
m3,a22.h2,k
m3,a22.h6,v
m3,a22.h11,q
m4,a22.h0,v
m4,a22.h2,k
m4,a22.h3,v
m4,a22.h5,k
m4,a22.h5,v
m4,a22.h6,v
m4,a22.h9,v
m4,a22.h11,v
m4,a22.h13,v
m5,a22.h2,k
m5,a22.h6,v
m5,a22.h11,v
m6,a22.h0,v
m6,a22.h2,v
m6,a22.h3,v
m6,a22.h6,k
m6,a22.h6,v
m6,a22.h11,k
m6,a22.h11,v
m6,a22.h13,v
m7,a22.h0,v
m7,a22.h3,v
m7,a22.h5,v
m7,a22.h6,v
m7,a22.h11,v
m10,a22.h6,v
m11,a22.h2,k
m12,a22.h6,k
m12,a22.h6,v
m13,a22.h6,v
m14,a22.h0,k
m14,a22.h0,v
m14,a22.h1,k
m14,a22.h2,v
m14,a22.h5,k
m14,a22.h6,v
m14,a22.h11,v
m15,a22.h2,k
m15,a22.h2,v
m15,a22.h6,q
m15,a22.h6,k
m15,a22.h6,v
m15,a22.h11,q
a16.h3,a22.h2,q
a16.h7,a22.h0,q
a16.h7,a22.h0,v
a16.h7,a22.h4,q
a16.h7,a22.h4,v
a16.h7,a22.h6,q
a16.h7,a22.h6,v
a16.h8,a22.h6,v
a16.h9,a22.h0,q
a16.h9,a22.h4,q
a16.h9,a22.h6,q
a16.h9,a22.h6,v
a16.h10,a22.h0,k
a16.h10,a22.h0,v
a16.h10,a22.h2,k
a16.h10,a22.h2,v
a16.h10,a22.h3,v
a16.h10,a22.h4,k
a16.h10,a22.h4,v
a16.h10,a22.h5,k
a16.h10,a22.h5,v
a16.h10,a22.h6,v
a16.h10,a22.h8,v
a16.h10,a22.h9,v
a16.h10,a22.h10,v
a16.h10,a22.h11,v
a16.h10,a22.h13,v
a16.h11,a22.h0,q
a16.h11,a22.h0,v
a16.h11,a22.h2,v
a16.h11,a22.h3,v
a16.h11,a22.h4,q
a16.h11,a22.h4,v
a16.h11,a22.h6,q
a16.h11,a22.h6,v
a16.h11,a22.h8,v
a16.h11,a22.h11,v
a16.h12,a22.h0,q
a16.h12,a22.h0,v
a16.h12,a22.h4,q
a16.h12,a22.h6,q
a16.h12,a22.h6,v
m16,a22.h0,v
m16,a22.h1,v
m16,a22.h2,k
m16,a22.h2,v
m16,a22.h3,v
m16,a22.h5,k
m16,a22.h6,k
m16,a22.h6,v
m16,a22.h7,v
m16,a22.h9,v
m16,a22.h10,k
m16,a22.h11,q
m16,a22.h11,v
m16,a22.h13,v
m17,a22.h0,v
m17,a22.h1,v
m17,a22.h2,v
m17,a22.h3,v
m17,a22.h5,k
m17,a22.h6,k
m17,a22.h6,v
m17,a22.h7,v
m17,a22.h9,v
m17,a22.h11,k
m17,a22.h11,v
m17,a22.h12,q
m17,a22.h13,v
m18,a22.h0,q
m18,a22.h1,v
m18,a22.h2,q
m18,a22.h3,v
m18,a22.h4,q
m18,a22.h5,k
m18,a22.h5,v
m18,a22.h6,q
m18,a22.h6,k
m18,a22.h6,v
m18,a22.h9,v
m18,a22.h11,q
m18,a22.h11,v
m18,a22.h13,q
a19.h3,a22.h1,k
a19.h3,a22.h2,k
a19.h3,a22.h13,k
m19,a22.h0,v
m19,a22.h1,q
m19,a22.h1,k
m19,a22.h1,v
m19,a22.h2,k
m19,a22.h2,v
m19,a22.h3,v
m19,a22.h4,k
m19,a22.h5,k
m19,a22.h6,k
m19,a22.h6,v
m19,a22.h8,q
m19,a22.h8,v
m19,a22.h9,v
m19,a22.h10,v
m19,a22.h11,q
m19,a22.h11,v
a20.h7,a22.h0,q
a20.h7,a22.h0,v
a20.h7,a22.h3,v
a20.h7,a22.h4,q
a20.h7,a22.h4,v
a20.h7,a22.h6,q
a20.h7,a22.h6,v
a20.h7,a22.h8,v
a20.h7,a22.h11,v
a20.h9,a22.h0,v
a20.h9,a22.h3,v
a20.h9,a22.h4,v
a20.h9,a22.h6,v
a20.h9,a22.h11,v
a20.h10,a22.h6,v
a20.h11,a22.h0,q
a20.h11,a22.h0,v
a20.h11,a22.h4,q
a20.h11,a22.h6,q
a20.h11,a22.h6,v
a20.h11,a22.h8,v
a20.h12,a22.h0,q
a20.h12,a22.h0,v
a20.h12,a22.h6,v
a20.h13,a22.h0,v
a20.h13,a22.h1,v
a20.h13,a22.h2,k
a20.h13,a22.h2,v
a20.h13,a22.h3,v
a20.h13,a22.h4,v
a20.h13,a22.h5,v
a20.h13,a22.h6,v
a20.h13,a22.h11,v
m20,a22.h1,q
m20,a22.h1,k
m20,a22.h1,v
m20,a22.h2,q
m20,a22.h2,k
m20,a22.h2,v
m20,a22.h3,v
m20,a22.h4,k
m20,a22.h4,v
m20,a22.h5,k
m20,a22.h5,v
m20,a22.h6,k
m20,a22.h6,v
m20,a22.h7,v
m20,a22.h8,q
m20,a22.h10,v
m20,a22.h11,q
m20,a22.h11,k
m20,a22.h11,v
m20,a22.h13,q
m20,a22.h13,k
m21,a22.h0,q
m21,a22.h0,k
m21,a22.h0,v
m21,a22.h1,k
m21,a22.h2,q
m21,a22.h2,k
m21,a22.h2,v
m21,a22.h3,q
m21,a22.h3,v
m21,a22.h4,k
m21,a22.h5,k
m21,a22.h5,v
m21,a22.h6,k
m21,a22.h6,v
m21,a22.h7,q
m21,a22.h7,k
m21,a22.h8,k
m21,a22.h9,q
m21,a22.h9,v
m21,a22.h10,q
m21,a22.h11,q
m21,a22.h13,q
m21,a22.h13,k
input,m22,
m0,m22,
m1,m22,
a2.h8,m22,
a2.h9,m22,
a2.h11,m22,
a2.h12,m22,
m2,m22,
m3,m22,
m4,m22,
m5,m22,
a6.h12,m22,
m6,m22,
a7.h13,m22,
m7,m22,
a8.h3,m22,
a8.h7,m22,
a8.h9,m22,
m8,m22,
a9.h8,m22,
a9.h13,m22,
m9,m22,
a10.h6,m22,
a10.h12,m22,
m10,m22,
a11.h3,m22,
a11.h8,m22,
a11.h9,m22,
a11.h10,m22,
a11.h11,m22,
a11.h12,m22,
m11,m22,
a12.h7,m22,
a12.h12,m22,
m12,m22,
a13.h2,m22,
a13.h3,m22,
a13.h7,m22,
a13.h8,m22,
a13.h11,m22,
a13.h13,m22,
m13,m22,
a14.h1,m22,
a14.h2,m22,
a14.h3,m22,
a14.h5,m22,
a14.h7,m22,
a14.h8,m22,
a14.h9,m22,
a14.h10,m22,
a14.h12,m22,
a14.h13,m22,
m14,m22,
a15.h1,m22,
a15.h2,m22,
a15.h3,m22,
a15.h8,m22,
a15.h9,m22,
a15.h10,m22,
a15.h12,m22,
a15.h13,m22,
m15,m22,
a16.h0,m22,
a16.h1,m22,
a16.h2,m22,
a16.h3,m22,
a16.h4,m22,
a16.h5,m22,
a16.h6,m22,
a16.h7,m22,
a16.h8,m22,
a16.h9,m22,
a16.h10,m22,
a16.h11,m22,
a16.h12,m22,
a16.h13,m22,
m16,m22,
a17.h0,m22,
a17.h7,m22,
a17.h8,m22,
a17.h11,m22,
a17.h13,m22,
m17,m22,
a18.h0,m22,
a18.h1,m22,
a18.h4,m22,
a18.h6,m22,
a18.h9,m22,
a18.h10,m22,
a18.h11,m22,
a18.h12,m22,
a18.h13,m22,
m18,m22,
a19.h1,m22,
a19.h2,m22,
a19.h3,m22,
a19.h5,m22,
a19.h6,m22,
a19.h7,m22,
a19.h8,m22,
a19.h9,m22,
a19.h10,m22,
a19.h11,m22,
m19,m22,
a20.h0,m22,
a20.h1,m22,
a20.h2,m22,
a20.h6,m22,
a20.h7,m22,
a20.h8,m22,
a20.h9,m22,
a20.h10,m22,
a20.h11,m22,
a20.h12,m22,
m20,m22,
a21.h2,m22,
a21.h3,m22,
a21.h5,m22,
a21.h7,m22,
a21.h8,m22,
a21.h9,m22,
a21.h10,m22,
a21.h11,m22,
a21.h12,m22,
a21.h13,m22,
m21,m22,
a22.h0,m22,
a22.h1,m22,
a22.h2,m22,
a22.h3,m22,
a22.h4,m22,
a22.h5,m22,
a22.h6,m22,
a22.h7,m22,
a22.h9,m22,
a22.h10,m22,
a22.h11,m22,
a22.h12,m22,
a22.h13,m22,
m0,a23.h0,v
m0,a23.h1,v
m0,a23.h2,k
m0,a23.h2,v
m0,a23.h4,v
m0,a23.h5,v
m0,a23.h6,v
m0,a23.h7,v
m0,a23.h8,k
m0,a23.h8,v
m0,a23.h9,k
m0,a23.h9,v
m0,a23.h10,k
m0,a23.h10,v
m0,a23.h11,k
m0,a23.h11,v
m0,a23.h12,v
m0,a23.h13,k
m1,a23.h2,v
m1,a23.h8,v
m1,a23.h12,v
a2.h12,a23.h2,v
a2.h12,a23.h12,v
m4,a23.h0,v
m4,a23.h2,k
m4,a23.h2,v
m4,a23.h4,v
m4,a23.h8,v
m4,a23.h12,v
m6,a23.h2,v
m6,a23.h8,v
m6,a23.h12,v
m7,a23.h2,v
m7,a23.h12,v
m13,a23.h1,v
m14,a23.h2,v
m14,a23.h8,v
m14,a23.h12,v
m15,a23.h1,v
a16.h2,a23.h1,v
a16.h7,a23.h2,q
a16.h9,a23.h2,q
a16.h10,a23.h0,v
a16.h10,a23.h2,v
a16.h10,a23.h4,v
a16.h10,a23.h7,v
a16.h10,a23.h8,v
a16.h10,a23.h10,v
a16.h10,a23.h11,v
a16.h10,a23.h12,v
a16.h10,a23.h13,v
a16.h11,a23.h2,q
a16.h11,a23.h2,v
m16,a23.h0,v
m16,a23.h2,k
m16,a23.h2,v
m16,a23.h4,v
m16,a23.h7,v
m16,a23.h8,v
m16,a23.h10,v
m16,a23.h11,v
m16,a23.h12,v
m16,a23.h13,k
m17,a23.h0,v
m17,a23.h2,k
m17,a23.h2,v
m17,a23.h4,v
m17,a23.h5,v
m17,a23.h8,v
m17,a23.h10,v
m17,a23.h11,v
m17,a23.h12,v
m17,a23.h13,k
m18,a23.h1,v
m18,a23.h8,v
m18,a23.h9,q
m18,a23.h10,v
m18,a23.h12,v
m19,a23.h0,v
m19,a23.h2,v
m19,a23.h4,v
m19,a23.h6,v
m19,a23.h7,q
m19,a23.h7,v
m19,a23.h8,v
m19,a23.h9,q
m19,a23.h12,k
m19,a23.h12,v
m19,a23.h13,q
m19,a23.h13,v
a20.h7,a23.h2,v
a20.h11,a23.h2,q
a20.h11,a23.h12,q
a20.h13,a23.h0,v
a20.h13,a23.h2,v
a20.h13,a23.h8,v
a20.h13,a23.h10,v
a20.h13,a23.h12,v
m20,a23.h1,v
m20,a23.h2,v
m20,a23.h4,v
m20,a23.h6,v
m20,a23.h7,v
m20,a23.h8,q
m20,a23.h8,v
m20,a23.h9,q
m20,a23.h9,k
m20,a23.h9,v
m20,a23.h10,q
a21.h11,a23.h1,v
m21,a23.h0,k
m21,a23.h2,k
m21,a23.h2,v
m21,a23.h4,q
m21,a23.h6,v
m21,a23.h7,q
m21,a23.h8,q
m21,a23.h8,k
m21,a23.h8,v
m21,a23.h9,q
m21,a23.h9,k
m21,a23.h9,v
m21,a23.h10,k
m21,a23.h10,v
m21,a23.h11,v
m21,a23.h12,k
m21,a23.h12,v
m21,a23.h13,v
a22.h3,a23.h2,v
a22.h5,a23.h1,v
a22.h11,a23.h1,v
m22,a23.h0,q
m22,a23.h1,v
m22,a23.h2,q
m22,a23.h2,k
m22,a23.h2,v
m22,a23.h4,q
m22,a23.h4,v
m22,a23.h5,q
m22,a23.h6,v
m22,a23.h8,q
m22,a23.h8,v
m22,a23.h9,q
m22,a23.h9,k
m22,a23.h11,v
m22,a23.h12,q
m22,a23.h12,k
m22,a23.h12,v
m22,a23.h13,v
input,m23,
a0.h1,m23,
a0.h12,m23,
m0,m23,
a1.h7,m23,
m1,m23,
a2.h8,m23,
a2.h11,m23,
a2.h12,m23,
a2.h13,m23,
m2,m23,
a3.h5,m23,
a3.h11,m23,
m3,m23,
m4,m23,
a5.h1,m23,
a5.h9,m23,
m5,m23,
m6,m23,
a7.h5,m23,
a7.h6,m23,
a7.h7,m23,
a7.h10,m23,
a7.h13,m23,
m7,m23,
a8.h5,m23,
a8.h7,m23,
a8.h12,m23,
m8,m23,
a9.h3,m23,
a9.h9,m23,
m9,m23,
a10.h6,m23,
m10,m23,
a11.h2,m23,
a11.h8,m23,
a11.h9,m23,
a11.h10,m23,
a11.h11,m23,
a11.h12,m23,
m11,m23,
m12,m23,
a13.h3,m23,
m13,m23,
a14.h5,m23,
a14.h7,m23,
a14.h9,m23,
a14.h12,m23,
a14.h13,m23,
m14,m23,
a15.h1,m23,
a15.h4,m23,
a15.h8,m23,
m15,m23,
a16.h0,m23,
a16.h1,m23,
a16.h2,m23,
a16.h3,m23,
a16.h4,m23,
a16.h7,m23,
a16.h8,m23,
a16.h9,m23,
a16.h10,m23,
a16.h11,m23,
a16.h12,m23,
a16.h13,m23,
m16,m23,
a17.h9,m23,
a17.h10,m23,
a17.h11,m23,
m17,m23,
a18.h1,m23,
a18.h2,m23,
a18.h4,m23,
a18.h5,m23,
a18.h6,m23,
a18.h8,m23,
a18.h9,m23,
a18.h10,m23,
a18.h13,m23,
m18,m23,
a19.h0,m23,
a19.h2,m23,
a19.h3,m23,
a19.h5,m23,
a19.h7,m23,
a19.h8,m23,
a19.h9,m23,
a19.h10,m23,
a19.h11,m23,
a19.h12,m23,
a19.h13,m23,
m19,m23,
a20.h2,m23,
a20.h5,m23,
a20.h6,m23,
a20.h7,m23,
a20.h8,m23,
a20.h9,m23,
a20.h10,m23,
a20.h11,m23,
a20.h12,m23,
a20.h13,m23,
m20,m23,
a21.h0,m23,
a21.h1,m23,
a21.h2,m23,
a21.h3,m23,
a21.h4,m23,
a21.h5,m23,
a21.h6,m23,
a21.h8,m23,
a21.h9,m23,
a21.h10,m23,
a21.h11,m23,
a21.h13,m23,
m21,m23,
a22.h0,m23,
a22.h1,m23,
a22.h2,m23,
a22.h3,m23,
a22.h4,m23,
a22.h5,m23,
a22.h6,m23,
a22.h7,m23,
a22.h9,m23,
a22.h10,m23,
a22.h12,m23,
a22.h13,m23,
m22,m23,
a23.h0,m23,
a23.h1,m23,
a23.h2,m23,
a23.h4,m23,
a23.h5,m23,
a23.h6,m23,
a23.h7,m23,
a23.h8,m23,
a23.h9,m23,
a23.h10,m23,
a23.h11,m23,
a23.h12,m23,
a23.h13,m23,
input,logits,
a0.h11,logits,
m0,logits,
m1,logits,
a2.h8,logits,
a2.h9,logits,
a2.h11,logits,
a2.h12,logits,
m2,logits,
a3.h1,logits,
a3.h11,logits,
a3.h13,logits,
m3,logits,
a4.h2,logits,
a4.h6,logits,
a4.h12,logits,
a4.h13,logits,
m4,logits,
a5.h1,logits,
a5.h3,logits,
a5.h4,logits,
a5.h12,logits,
m5,logits,
a6.h3,logits,
a6.h8,logits,
m6,logits,
a7.h3,logits,
a7.h6,logits,
a7.h9,logits,
a7.h13,logits,
m7,logits,
a8.h3,logits,
a8.h5,logits,
a8.h7,logits,
a8.h12,logits,
a8.h13,logits,
m8,logits,
a9.h1,logits,
a9.h8,logits,
a9.h9,logits,
a9.h10,logits,
a9.h13,logits,
a10.h2,logits,
a10.h3,logits,
a10.h4,logits,
a10.h6,logits,
a10.h9,logits,
a10.h11,logits,
a11.h0,logits,
a11.h2,logits,
a11.h4,logits,
a11.h9,logits,
a11.h11,logits,
a12.h0,logits,
a12.h6,logits,
m12,logits,
a13.h3,logits,
a13.h6,logits,
a13.h7,logits,
a13.h8,logits,
a13.h9,logits,
m13,logits,
a14.h2,logits,
a14.h3,logits,
a14.h4,logits,
a14.h5,logits,
a14.h7,logits,
a14.h8,logits,
a14.h9,logits,
a14.h11,logits,
a14.h12,logits,
a14.h13,logits,
m14,logits,
a15.h1,logits,
a15.h2,logits,
a15.h3,logits,
a15.h4,logits,
a15.h6,logits,
a15.h7,logits,
a15.h8,logits,
a15.h9,logits,
a15.h10,logits,
a15.h12,logits,
a15.h13,logits,
m15,logits,
a16.h0,logits,
a16.h1,logits,
a16.h2,logits,
a16.h3,logits,
a16.h4,logits,
a16.h5,logits,
a16.h6,logits,
a16.h7,logits,
a16.h9,logits,
a16.h10,logits,
a16.h11,logits,
a16.h12,logits,
a16.h13,logits,
m16,logits,
a17.h0,logits,
a17.h2,logits,
a17.h7,logits,
a17.h8,logits,
a17.h10,logits,
a17.h11,logits,
a17.h12,logits,
a17.h13,logits,
m17,logits,
a18.h0,logits,
a18.h1,logits,
a18.h2,logits,
a18.h3,logits,
a18.h4,logits,
a18.h5,logits,
a18.h6,logits,
a18.h7,logits,
a18.h8,logits,
a18.h9,logits,
a18.h10,logits,
a18.h11,logits,
a18.h12,logits,
a18.h13,logits,
m18,logits,
a19.h0,logits,
a19.h1,logits,
a19.h2,logits,
a19.h3,logits,
a19.h5,logits,
a19.h7,logits,
a19.h8,logits,
a19.h9,logits,
a19.h10,logits,
a19.h11,logits,
a19.h12,logits,
m19,logits,
a20.h0,logits,
a20.h1,logits,
a20.h2,logits,
a20.h5,logits,
a20.h6,logits,
a20.h7,logits,
a20.h8,logits,
a20.h9,logits,
a20.h10,logits,
a20.h11,logits,
a20.h12,logits,
a20.h13,logits,
m20,logits,
a21.h0,logits,
a21.h1,logits,
a21.h2,logits,
a21.h3,logits,
a21.h4,logits,
a21.h5,logits,
a21.h6,logits,
a21.h7,logits,
a21.h8,logits,
a21.h10,logits,
a21.h11,logits,
a21.h12,logits,
a21.h13,logits,
m21,logits,
a22.h0,logits,
a22.h1,logits,
a22.h2,logits,
a22.h3,logits,
a22.h5,logits,
a22.h6,logits,
a22.h7,logits,
a22.h8,logits,
a22.h9,logits,
a22.h10,logits,
a22.h11,logits,
a22.h12,logits,
a22.h13,logits,
m22,logits,
a23.h0,logits,
a23.h1,logits,
a23.h2,logits,
a23.h4,logits,
a23.h5,logits,
a23.h6,logits,
a23.h7,logits,
a23.h8,logits,
a23.h9,logits,
a23.h10,logits,
a23.h11,logits,
a23.h12,logits,
a23.h13,logits,
m23,logits,
